Shift in predicted risk,Policy,Double-booked slots per session,Patients served,Mean wait of attending patients (minutes),Doctor overtime (minutes),Doctor idle time (minutes),Sessions where both patients of a double-booked slot attend
+0.00,P0,0.00,12.75 (12.65 to 12.85),2.9 (2.7 to 3.1),3.7 (3.2 to 4.1),72.1 (70.4 to 73.9),0.0% (0.0% to 0.0%)
-0.10,P2 0.3,0.93,13.51 (13.40 to 13.61),4.3 (4.0 to 4.6),5.3 (4.8 to 5.9),63.7 (61.9 to 65.5),34.0% (31.1% to 36.9%)
-0.10,P2 0.5,0.03,12.77 (12.67 to 12.87),2.9 (2.7 to 3.1),3.7 (3.2 to 4.1),71.9 (70.1 to 73.7),0.1% (-0.1% to 0.3%)
-0.10,P2 p50,3.62,15.66 (15.54 to 15.78),9.4 (8.8 to 9.9),13.0 (12.0 to 14.1),42.7 (41.0 to 44.3),85.9% (83.7% to 88.1%)
-0.10,P2 p70,1.23,13.75 (13.64 to 13.86),4.7 (4.4 to 5.0),5.9 (5.3 to 6.4),60.9 (59.2 to 62.7),43.2% (40.1% to 46.3%)
-0.10,P2 p80,0.36,13.04 (12.94 to 13.14),3.4 (3.1 to 3.6),4.2 (3.7 to 4.6),68.9 (67.1 to 70.6),13.0% (10.9% to 15.1%)
-0.10,P2 p90,0.12,12.84 (12.74 to 12.94),3.0 (2.8 to 3.2),3.8 (3.3 to 4.2),71.1 (69.3 to 72.9),2.3% (1.4% to 3.2%)
-0.10,P2 p95,0.07,12.80 (12.70 to 12.90),3.0 (2.7 to 3.2),3.7 (3.3 to 4.2),71.5 (69.8 to 73.3),1.1% (0.5% to 1.7%)
-0.05,P2 0.3,2.62,14.86 (14.75 to 14.98),7.2 (6.8 to 7.7),9.6 (8.8 to 10.4),49.8 (48.1 to 51.5),73.3% (70.6% to 76.0%)
-0.05,P2 0.5,0.04,12.78 (12.68 to 12.88),2.9 (2.7 to 3.2),3.7 (3.3 to 4.1),71.7 (70.0 to 73.5),0.5% (0.1% to 0.9%)
-0.05,P2 p50,5.59,17.23 (17.10 to 17.35),14.2 (13.4 to 14.9),21.8 (20.4 to 23.2),30.0 (28.6 to 31.5),96.8% (95.7% to 97.9%)
-0.05,P2 p70,3.01,15.16 (15.05 to 15.28),8.0 (7.5 to 8.4),10.8 (9.9 to 11.7),46.9 (45.3 to 48.6),79.1% (76.6% to 81.6%)
-0.05,P2 p80,1.38,13.87 (13.76 to 13.97),5.0 (4.6 to 5.3),6.2 (5.6 to 6.8),59.7 (57.9 to 61.4),47.2% (44.1% to 50.3%)
-0.05,P2 p90,0.42,13.08 (12.98 to 13.19),3.4 (3.2 to 3.7),4.2 (3.8 to 4.7),68.4 (66.6 to 70.2),14.9% (12.7% to 17.1%)
-0.05,P2 p95,0.20,12.90 (12.80 to 13.01),3.1 (2.9 to 3.4),3.9 (3.5 to 4.4),70.4 (68.6 to 72.1),6.1% (4.6% to 7.6%)
+0.00,P2 0.3,4.36,16.25 (16.13 to 16.38),11.0 (10.4 to 11.6),16.1 (14.9 to 17.3),37.6 (36.1 to 39.2),91.6% (89.9% to 93.3%)
+0.00,P2 0.5,0.07,12.80 (12.70 to 12.90),3.0 (2.7 to 3.2),3.7 (3.3 to 4.2),71.5 (69.7 to 73.2),1.2% (0.5% to 1.9%)
+0.00,P2 p50,8.04,19.17 (19.03 to 19.31),21.7 (20.8 to 22.6),36.4 (34.5 to 38.2),18.6 (17.4 to 19.7),99.2% (98.6% to 99.8%)
+0.00,P2 p70,4.81,16.61 (16.49 to 16.74),12.1 (11.5 to 12.7),17.9 (16.7 to 19.2),34.5 (32.9 to 36.0),93.8% (92.3% to 95.3%)
+0.00,P2 p80,3.18,15.30 (15.18 to 15.42),8.4 (7.9 to 8.9),11.4 (10.5 to 12.4),45.8 (44.2 to 47.5),80.7% (78.2% to 83.2%)
+0.00,P2 p90,1.52,13.99 (13.88 to 14.10),5.2 (4.8 to 5.6),6.6 (5.9 to 7.2),58.5 (56.7 to 60.2),50.9% (47.8% to 54.0%)
+0.00,P2 p95,0.71,13.33 (13.23 to 13.44),3.9 (3.6 to 4.2),4.9 (4.4 to 5.4),65.6 (63.8 to 67.4),26.2% (23.5% to 28.9%)
+0.05,P2 0.3,6.48,17.92 (17.79 to 18.05),16.7 (16.0 to 17.5),26.7 (25.1 to 28.2),25.5 (24.2 to 26.8),97.9% (97.0% to 98.8%)
+0.05,P2 0.5,0.25,12.94 (12.84 to 13.04),3.2 (3.0 to 3.5),4.0 (3.5 to 4.4),70.0 (68.2 to 71.8),8.0% (6.3% to 9.7%)
+0.05,P2 p50,9.98,20.70 (20.56 to 20.84),28.5 (27.5 to 29.6),50.1 (48.0 to 52.1),11.9 (11.0 to 12.8),99.9% (99.7% to 100.1%)
+0.05,P2 p70,7.05,18.38 (18.24 to 18.51),18.4 (17.6 to 19.3),29.6 (28.0 to 31.3),22.6 (21.4 to 23.9),98.8% (98.1% to 99.5%)
+0.05,P2 p80,4.95,16.73 (16.60 to 16.85),12.4 (11.8 to 13.1),18.6 (17.4 to 19.9),33.7 (32.2 to 35.2),94.1% (92.6% to 95.6%)
+0.05,P2 p90,3.32,15.42 (15.30 to 15.54),8.6 (8.1 to 9.2),11.9 (10.9 to 12.8),44.7 (43.0 to 46.3),82.6% (80.2% to 85.0%)
+0.05,P2 p95,2.29,14.60 (14.49 to 14.72),6.6 (6.2 to 7.0),8.5 (7.8 to 9.3),52.2 (50.4 to 53.9),67.8% (64.9% to 70.7%)
+0.10,P2 0.3,8.94,19.86 (19.72 to 20.01),24.8 (23.8 to 25.8),42.5 (40.5 to 44.4),15.5 (14.5 to 16.6),99.6% (99.2% to 100.0%)
+0.10,P2 0.5,0.93,13.51 (13.40 to 13.61),4.3 (4.0 to 4.6),5.3 (4.8 to 5.9),63.7 (61.9 to 65.5),34.0% (31.1% to 36.9%)
+0.10,P2 p50,10.56,21.18 (21.03 to 21.32),30.8 (29.7 to 31.9),55.0 (52.9 to 57.1),10.5 (9.6 to 11.3),99.9% (99.7% to 100.1%)
+0.10,P2 p70,9.40,20.23 (20.09 to 20.37),26.5 (25.4 to 27.5),45.5 (43.5 to 47.5),13.7 (12.7 to 14.7),99.8% (99.5% to 100.1%)
+0.10,P2 p80,7.29,18.57 (18.43 to 18.70),19.2 (18.4 to 20.1),31.2 (29.6 to 32.9),21.6 (20.4 to 22.9),98.7% (98.0% to 99.4%)
+0.10,P2 p90,5.14,16.87 (16.74 to 17.00),13.0 (12.3 to 13.6),19.6 (18.3 to 20.9),32.6 (31.2 to 34.1),95.1% (93.8% to 96.4%)
+0.10,P2 p95,4.02,15.97 (15.85 to 16.10),10.2 (9.6 to 10.7),14.6 (13.5 to 15.7),39.9 (38.3 to 41.5),89.3% (87.4% to 91.2%)
