Base no-show rate,Policy,Double-booked slots per session,Patients served,Mean wait of attending patients (minutes),Doctor overtime (minutes),Doctor idle time (minutes),Sessions where both patients of a double-booked slot attend
10.2%,P0,0.00,14.38 (14.30 to 14.45),4.0 (3.7 to 4.2),5.4 (4.9 to 6.0),52.1 (50.5 to 53.6),0.0% (0.0% to 0.0%)
10.2%,P1 k=2,8.00,21.61 (21.52 to 21.70),30.9 (29.9 to 31.9),59.3 (57.5 to 61.2),9.1 (8.5 to 9.7),100.0% (100.0% to 100.0%)
10.2%,P1 k=3,5.00,18.90 (18.81 to 18.98),18.9 (18.2 to 19.7),32.1 (30.6 to 33.5),18.3 (17.3 to 19.2),100.0% (100.0% to 100.0%)
10.2%,P1 k=4,4.00,18.00 (17.92 to 18.08),14.0 (13.4 to 14.6),26.9 (25.7 to 28.2),25.2 (24.1 to 26.3),99.8% (99.5% to 100.1%)
10.2%,P1 k=6,2.00,16.19 (16.11 to 16.26),9.7 (9.2 to 10.2),12.3 (11.4 to 13.3),34.7 (33.4 to 35.9),97.3% (96.3% to 98.3%)
10.2%,P2 0.3,0.03,14.40 (14.33 to 14.48),4.0 (3.7 to 4.3),5.5 (5.0 to 6.1),51.8 (50.3 to 53.3),1.3% (0.6% to 2.0%)
10.2%,P2 0.5,0.00,14.38 (14.30 to 14.45),4.0 (3.7 to 4.2),5.4 (4.9 to 6.0),52.1 (50.5 to 53.6),0.0% (0.0% to 0.0%)
10.2%,P2 p50,8.04,21.63 (21.50 to 21.76),32.1 (31.0 to 33.2),59.3 (57.2 to 61.5),8.6 (7.9 to 9.3),100.0% (100.0% to 100.0%)
10.2%,P2 p70,4.81,18.73 (18.61 to 18.85),18.4 (17.6 to 19.3),31.0 (29.3 to 32.6),19.3 (18.2 to 20.4),97.9% (97.0% to 98.8%)
10.2%,P2 p80,3.18,17.25 (17.14 to 17.36),12.7 (12.0 to 13.3),19.6 (18.3 to 20.9),27.9 (26.6 to 29.2),92.0% (90.3% to 93.7%)
10.2%,P2 p90,1.52,15.76 (15.67 to 15.86),7.7 (7.2 to 8.2),11.1 (10.2 to 12.0),39.3 (37.8 to 40.7),68.4% (65.5% to 71.3%)
10.2%,P2 p95,0.71,15.02 (14.93 to 15.11),5.6 (5.2 to 6.0),7.9 (7.2 to 8.6),46.1 (44.6 to 47.6),39.0% (36.0% to 42.0%)
20.4%,P0,0.00,12.75 (12.65 to 12.85),2.9 (2.7 to 3.1),3.7 (3.2 to 4.1),72.1 (70.4 to 73.9),0.0% (0.0% to 0.0%)
20.4%,P1 k=2,8.00,19.16 (19.04 to 19.28),21.4 (20.5 to 22.2),37.3 (35.6 to 39.0),19.7 (18.6 to 20.8),100.0% (100.0% to 100.0%)
20.4%,P1 k=3,5.00,16.76 (16.65 to 16.88),13.1 (12.5 to 13.7),19.0 (17.8 to 20.2),33.6 (32.2 to 35.1),98.9% (98.3% to 99.5%)
20.4%,P1 k=4,4.00,15.96 (15.85 to 16.08),9.9 (9.4 to 10.4),17.3 (16.2 to 18.3),42.7 (41.2 to 44.2),98.6% (97.9% to 99.3%)
20.4%,P1 k=6,2.00,14.36 (14.25 to 14.46),6.9 (6.5 to 7.3),6.9 (6.2 to 7.6),53.6 (52.0 to 55.2),86.9% (84.8% to 89.0%)
20.4%,P2 0.3,4.36,16.25 (16.13 to 16.38),11.0 (10.4 to 11.6),16.1 (14.9 to 17.3),37.6 (36.1 to 39.2),91.6% (89.9% to 93.3%)
20.4%,P2 0.5,0.07,12.80 (12.70 to 12.90),3.0 (2.7 to 3.2),3.7 (3.3 to 4.2),71.5 (69.7 to 73.2),1.2% (0.5% to 1.9%)
20.4%,P2 p50,8.04,19.17 (19.03 to 19.31),21.7 (20.8 to 22.6),36.4 (34.5 to 38.2),18.6 (17.4 to 19.7),99.2% (98.6% to 99.8%)
20.4%,P2 p70,4.81,16.61 (16.49 to 16.74),12.1 (11.5 to 12.7),17.9 (16.7 to 19.2),34.5 (32.9 to 36.0),93.8% (92.3% to 95.3%)
20.4%,P2 p80,3.18,15.30 (15.18 to 15.42),8.4 (7.9 to 8.9),11.4 (10.5 to 12.4),45.8 (44.2 to 47.5),80.7% (78.2% to 83.2%)
20.4%,P2 p90,1.52,13.99 (13.88 to 14.10),5.2 (4.8 to 5.6),6.6 (5.9 to 7.2),58.5 (56.7 to 60.2),50.9% (47.8% to 54.0%)
20.4%,P2 p95,0.71,13.33 (13.23 to 13.44),3.9 (3.6 to 4.2),4.9 (4.4 to 5.4),65.6 (63.8 to 67.4),26.2% (23.5% to 28.9%)
30.6%,P0,0.00,11.18 (11.07 to 11.30),2.2 (2.0 to 2.4),2.8 (2.4 to 3.2),92.3 (90.4 to 94.2),0.0% (0.0% to 0.0%)
30.6%,P1 k=2,8.00,16.78 (16.64 to 16.92),14.4 (13.8 to 15.1),22.3 (20.9 to 23.7),36.7 (35.1 to 38.3),99.3% (98.8% to 99.8%)
30.6%,P1 k=3,5.00,14.71 (14.58 to 14.84),9.2 (8.7 to 9.6),11.3 (10.4 to 12.3),53.5 (51.7 to 55.3),96.4% (95.2% to 97.6%)
30.6%,P1 k=4,4.00,14.00 (13.88 to 14.13),7.1 (6.7 to 7.5),11.5 (10.7 to 12.4),63.4 (61.5 to 65.2),95.0% (93.6% to 96.4%)
30.6%,P1 k=6,2.00,12.58 (12.47 to 12.70),5.0 (4.7 to 5.3),4.2 (3.7 to 4.8),74.7 (72.8 to 76.6),72.9% (70.1% to 75.7%)
30.6%,P2 0.3,8.94,17.40 (17.26 to 17.55),15.8 (15.1 to 16.6),23.8 (22.3 to 25.3),30.0 (28.5 to 31.5),97.7% (96.8% to 98.6%)
30.6%,P2 0.5,3.20,13.44 (13.32 to 13.56),5.3 (5.0 to 5.7),6.6 (5.9 to 7.3),65.8 (64.0 to 67.7),61.2% (58.2% to 64.2%)
30.6%,P2 p50,8.04,16.79 (16.64 to 16.93),13.7 (13.0 to 14.4),20.0 (18.7 to 21.4),34.3 (32.7 to 35.9),95.8% (94.6% to 97.0%)
30.6%,P2 p70,4.81,14.57 (14.45 to 14.70),7.7 (7.3 to 8.2),10.1 (9.2 to 11.0),54.0 (52.2 to 55.8),81.0% (78.6% to 83.4%)
30.6%,P2 p80,3.18,13.42 (13.30 to 13.54),5.3 (4.9 to 5.7),6.5 (5.8 to 7.2),66.0 (64.2 to 67.9),61.0% (58.0% to 64.0%)
30.6%,P2 p90,1.52,12.27 (12.15 to 12.38),3.5 (3.3 to 3.8),4.1 (3.6 to 4.6),79.0 (77.1 to 80.9),33.2% (30.3% to 36.1%)
30.6%,P2 p95,0.71,11.70 (11.59 to 11.82),2.8 (2.6 to 3.0),3.4 (2.9 to 3.8),85.9 (84.0 to 87.8),15.0% (12.8% to 17.2%)
