kind,label,percentile,target_precision,threshold,upper_threshold,flagged_n,share_flagged,share_flagged_lo,share_flagged_hi,precision,precision_lo,precision_hi,sensitivity,sensitivity_lo,sensitivity_hi,oof_flagged_n,oof_share_flagged,oof_precision,oof_sensitivity,n,n_positive,n_boot
fixed,0.20,,,0.2,,12288,0.5589519650655022,0.5516261943138037,0.5662872042650754,0.279052734375,0.2712909665651622,0.2871806974108955,0.8425061425061425,0.8306833467850417,0.8540384006786506,50754,0.5733166152699176,0.3071482050675809,0.8546132339235788,21984,4070,1000
fixed,0.25,,,0.25,,8859,0.40297489082969434,0.3954898061362843,0.41042449375463813,0.30590360085788465,0.29616600366518486,0.3155880172068104,0.6658476658476659,0.650447160136951,0.6805812622157758,37861,0.4276774317439877,0.33261139431076836,0.6903678526396579,21984,4070,1000
fixed,0.30,,,0.3,,5987,0.2723344250363901,0.26570549529950815,0.2792166162559227,0.32637380992149656,0.31451962715467835,0.3386492287510373,0.4800982800982801,0.46384467424025644,0.4965832115375945,25707,0.2903859839371039,0.3641031625627261,0.5131297626226632,21984,4070,1000
fixed,0.35,,,0.35,,3659,0.1664392285298399,0.1609767328661797,0.17210980755035332,0.35009565455042363,0.33451441927655856,0.3661160444529487,0.31474201474201474,0.2997834696261682,0.3295482320700107,15109,0.17067109469427405,0.38672314514527767,0.3203223507483142,21984,4070,1000
fixed,0.40,,,0.4,,1411,0.0641830422125182,0.06086097254945937,0.06756423142180504,0.3635719347980156,0.33573378304079005,0.390279185252878,0.12604422604422605,0.11504470823073981,0.13663879156553202,5167,0.058366374100556895,0.41706986646022837,0.1181404528260512,21984,4070,1000
fixed,0.45,,,0.45,,351,0.015966157205240174,0.014158228446690298,0.017854478626377242,0.4301994301994302,0.3753309371805828,0.4905947044720108,0.0371007371007371,0.030847585808561923,0.04391842621942691,1313,0.01483163328701978,0.4325971058644326,0.031138643714708623,21984,4070,1000
fixed,0.50,,,0.5,,109,0.004958151382823872,0.004008127423782666,0.006198964172012654,0.5229357798165137,0.41662735849056604,0.6339457417582417,0.014004914004914005,0.009980161904703298,0.018671813725490195,411,0.004642651394489817,0.46958637469586373,0.010580560276300641,21984,4070,1000
fixed,0.55,,,0.55,,65,0.0029566957787481806,0.002136781776310756,0.003958463195402043,0.6153846153846154,0.4657534246575342,0.75,0.009828009828009828,0.006287214071594269,0.014091801916462744,188,0.002123645893343274,0.5425531914893617,0.005591798695246971,21984,4070,1000
fixed,0.60,,,0.6,,46,0.0020924308588064046,0.0013632880848516876,0.00304281996143984,0.6956521739130435,0.5208125,0.8644182317911132,0.007862407862407862,0.004547094530246564,0.01190268256191626,138,0.001558846453624318,0.6376811594202898,0.0048242969135464065,21984,4070,1000
fixed,0.65,,,0.65,,41,0.0018649927219796215,0.0011814870084526094,0.0027702718602922965,0.7073170731707317,0.52,0.8888888888888888,0.007125307125307125,0.0040896469421085905,0.010928994931053568,100,0.0011295988794379117,0.64,0.0035085795734882954,21984,4070,1000
fixed,0.70,,,0.7,,30,0.0013646288209606986,0.0008153949656606356,0.0021099997940198633,0.7,0.46153846153846156,0.9285714285714286,0.005159705159705159,0.0026400130509431127,0.008225364133874945,73,0.0008246071819896755,0.6301369863013698,0.0025217915684447125,21984,4070,1000
percentile,p50,50.0,,0.22592787674136305,,10579,0.48121360989810774,0.473543300474465,0.4887760941193399,0.2946403251725116,0.28599951789924655,0.30334399946611557,0.7658476658476658,0.7522010096068316,0.7797119862420139,44264,0.5000056479943972,0.31901771191035605,0.774135189956691,21984,4070,1000
percentile,p70,70.0,,0.29579305331407,,6203,0.28215975254730713,0.27551382155213866,0.2889181676080493,0.3240367564081896,0.31258963320688626,0.335885385088626,0.49385749385749383,0.4778524836107743,0.510245916972444,26559,0.30001016638991496,0.36108287209608797,0.5257387204648868,21984,4070,1000
percentile,p80,80.0,,0.338670828196752,,4148,0.18868267831149926,0.18294770340673214,0.19443019923650304,0.3452266152362584,0.3304143267664176,0.3600862285885218,0.3518427518427518,0.3367287839419159,0.36695657615497634,17707,0.200018073582071,0.38058394985034166,0.36944246477715037,21984,4070,1000
percentile,p90,90.0,,0.3789601589792081,,2219,0.10093704512372635,0.09649934222484777,0.10539230483366234,0.36998648039657506,0.34959021767637033,0.3910343268831775,0.20171990171990173,0.1890527950310559,0.21428966206969152,8858,0.10005986874061021,0.4039286520659291,0.19615152678033002,21984,4070,1000
percentile,p95,95.0,,0.405489273930482,,1215,0.0552674672489083,0.05217298050875614,0.058546788292988594,0.36790123456790125,0.33757770680440413,0.39709472295103665,0.10982800982800983,0.09881043955519314,0.12,4427,0.05000734239271635,0.41450192003614184,0.10059755495860973,21984,4070,1000
chosen,medium,,0.3,0.19,,12882,0.585971615720524,0.5789634423526556,0.5933663895703735,0.2740257723955907,0.2665920319456752,0.2819601152791591,0.8673218673218673,0.8562788769466246,0.8787022467982749,53039,0.5991279496650739,0.30221158015799693,0.8787347184913108,21984,4070,1000
chosen,high,,0.4,0.38,,2190,0.09961790393013101,0.09523968798760647,0.10398174351791542,0.37123287671232874,0.35127238637443503,0.39172648902821317,0.19975429975429976,0.18743888785221122,0.21223969755347308,8592,0.09705513572130536,0.4029329608938548,0.1897922263033825,21984,4070,1000
band,low,,,0.0,0.19,9102,0.41402838427947597,0.4066336104296266,0.4210365576473444,0.05932762030323006,0.05437937399634859,0.06480631682277234,0.13267813267813267,0.12129775320172506,0.14372112305337534,35488,0.40087205033492607,0.06233092876465284,0.12126528150868922,21984,4070,1000
band,medium,,,0.19,0.38,10692,0.486353711790393,0.47888764236023246,0.49339569722918175,0.25411522633744854,0.24579912196932302,0.2627581729780378,0.6675675675675675,0.6532927999774162,0.6822116406873597,44447,0.5020728139437686,0.28274124237856324,0.6889424921879282,21984,4070,1000
band,high,,,0.38,,2190,0.09961790393013101,0.09523968798760647,0.10398174351791542,0.37123287671232874,0.35127238637443503,0.39172648902821317,0.19975429975429976,0.18743888785221122,0.21223969755347308,8592,0.09705513572130536,0.4029329608938548,0.1897922263033825,21984,4070,1000
