dataset,variable,group,n,no_show_n,rate,ci_low,ci_high
kaggle,lead_time_band,0 (same day),30982,1489,0.04806016396617391,0.04573396148583463,0.05049842461341806
kaggle,lead_time_band,1-3,11440,2652,0.2318181818181818,0.22417610641433805,0.23964030330724234
kaggle,lead_time_band,4-7,14364,3699,0.2575187969924812,0.2504334412834631,0.264733814707237
kaggle,lead_time_band,8-14,10098,3123,0.3092691622103387,0.3003283756873974,0.3183550083590417
kaggle,lead_time_band,15-30,13400,4540,0.33880597014925373,0.3308394345723103,0.3468649001699066
kaggle,lead_time_band,31+,8243,2738,0.3321606211330826,0.32207333850579223,0.3424042661873201
kaggle,weekday,Mon,18019,3815,0.2117209612076142,0.2058178047241847,0.21774700753351245
kaggle,weekday,Tue,21222,4334,0.20422203373857317,0.198852008774388,0.2096991186652656
kaggle,weekday,Wed,21385,4318,0.20191723170446574,0.19659071380795745,0.20735082157117224
kaggle,weekday,Thu,12934,2533,0.19584042059687645,0.1890919709662504,0.20276949023607854
kaggle,weekday,Fri,14928,3232,0.2165058949624866,0.20997234111758967,0.223185315738879
kaggle,weekday,Sat,39,9,0.23076923076923078,0.12645804064318109,0.3833625735850539
kaggle,age_band,0-4,8252,1554,0.1883179835191469,0.1800282933180247,0.19689772620160942
kaggle,age_band,5-17,13689,3349,0.24464898823873182,0.2375200218518409,0.251921229549958
kaggle,age_band,18-34,19596,4764,0.24311083894672383,0.23715560189425128,0.2491667736656859
kaggle,age_band,35-49,17548,3689,0.21022338728060178,0.204258389756719,0.2163152278989975
kaggle,age_band,50-64,18073,3087,0.17080728158025785,0.16539064048906654,0.17636383431416702
kaggle,age_band,65+,11369,1798,0.15814935350514558,0.15155780810503888,0.16497183595063403
kaggle,overall,all cleaned rows,110511,22311,0.20188940467464778,0.19953313749120064,0.20426639630702684
openml,lead_time_band,0 (same day),7561,1307,0.17286073270731384,0.16450433220788235,0.18154937864786735
openml,lead_time_band,1-3,13448,3026,0.2250148720999405,0.21803613522418894,0.23215066465688258
openml,lead_time_band,4-7,9255,1972,0.21307401404646137,0.20485151949390815,0.22153459764760905
openml,lead_time_band,8-14,7247,1481,0.2043604250034497,0.1952343962311047,0.2137997104584772
openml,lead_time_band,15-30,5684,1193,0.20988740323715693,0.1994984471873354,0.220668232238947
openml,lead_time_band,31+,2941,581,0.19755185311118667,0.18356073516088442,0.21233204044686696
openml,weekday,Mon,8680,1945,0.22407834101382487,0.21542952174783053,0.2329712784416888
openml,weekday,Tue,9093,1907,0.2097217639942813,0.20147751001519248,0.21821117821119362
openml,weekday,Wed,9965,1946,0.19528349222277974,0.18761822950579102,0.2031835978630723
openml,weekday,Thu,8473,1701,0.20075534049333177,0.19236270974471895,0.20941918925646527
openml,weekday,Fri,7971,1669,0.2093840170618492,0.20059311098375684,0.21845490095629325
openml,weekday,Sat,1951,389,0.19938493080471553,0.18225452335275905,0.21769681558023207
openml,weekday,Sun,3,3,1.0,0.43850296436068037,1.0
openml,age_band,0-4,5600,973,0.17375,0.16405085921000104,0.1838964325162973
openml,age_band,5-17,6561,1184,0.18046029568663313,0.17134263772012273,0.18995191504817485
openml,age_band,18-34,11194,2651,0.23682329819546186,0.22903887772999618,0.2447882860465633
openml,age_band,35-49,10644,2539,0.23853814355505448,0.23053685823416165,0.24672808588674883
openml,age_band,50-64,6650,1318,0.1981954887218045,0.18878974401239235,0.20794971471903495
openml,age_band,65+,5487,895,0.1631128121013304,0.1535731503397464,0.17312385453913298
openml,overall,all cleaned rows,60990,12828,0.2103295622233153,0.20711347017469858,0.2135821417942533
