variant,description,model,n_features,columns,cv_auc_mean,cv_auc_std,cv_ap_mean,cv_ap_std,cv_brier_oof,delta_auc_vs_all,delta_auc_fold_std,delta_ap_vs_all,delta_ap_fold_std
all_features,every Kaggle feature (the reference),hist_gradient_boosting,15,"prev_appointments,prev_no_show_rate,has_history,lead_days,lead_same_day,appt_weekday,age,is_female,sms_received,scholarship,hypertension,diabetes,alcoholism,handicap,neighbourhood",0.73754396607788,0.004543698301579815,0.37992683615340866,0.0074529320059612755,0.1447629172460129,0.0,0.0,0.0,0.0
no_sms_received,all features except sms_received,hist_gradient_boosting,14,"prev_appointments,prev_no_show_rate,has_history,lead_days,lead_same_day,appt_weekday,age,is_female,scholarship,hypertension,diabetes,alcoholism,handicap,neighbourhood",0.7350745580513859,0.003825328923622893,0.3753244603791548,0.007456350794348052,0.1451167112044196,-0.002469408026494091,0.0009470094229942654,-0.004602375774253875,0.003618924824871508
drop_history,all features except the history group,hist_gradient_boosting,12,"lead_days,lead_same_day,appt_weekday,age,is_female,sms_received,scholarship,hypertension,diabetes,alcoholism,handicap,neighbourhood",0.7327707843903172,0.0036054077310328832,0.3730481366285166,0.004896881991869564,0.14556013316226515,-0.0047731816875628,0.0015125752055842115,-0.006878699524892062,0.0032459796490678073
drop_lead_calendar,all features except the lead_calendar group,hist_gradient_boosting,12,"prev_appointments,prev_no_show_rate,has_history,age,is_female,sms_received,scholarship,hypertension,diabetes,alcoholism,handicap,neighbourhood",0.623188076699399,0.004265523354872014,0.29799949174710105,0.0039140663443973656,0.1581568683533505,-0.11435588937848096,0.0048087434213315424,-0.08192734440630761,0.005826865029646333
drop_demographics,all features except the demographics group,hist_gradient_boosting,13,"prev_appointments,prev_no_show_rate,has_history,lead_days,lead_same_day,appt_weekday,sms_received,scholarship,hypertension,diabetes,alcoholism,handicap,neighbourhood",0.7263250517976502,0.004711516319427132,0.36628940264071785,0.0066923807637167005,0.14622322558493994,-0.011218914280229808,0.0015648647460973775,-0.01363743351269081,0.004570942397810969
drop_flags,all features except the flags group,hist_gradient_boosting,9,"prev_appointments,prev_no_show_rate,has_history,lead_days,lead_same_day,appt_weekday,age,is_female,neighbourhood",0.7334270173765677,0.00391642909638265,0.3718298074308954,0.007188124267010137,0.14537134579861619,-0.004116948701312295,0.001019299926713076,-0.008097028722513278,0.003406002395046986
drop_neighbourhood,all features except the neighbourhood group,hist_gradient_boosting,14,"prev_appointments,prev_no_show_rate,has_history,lead_days,lead_same_day,appt_weekday,age,is_female,sms_received,scholarship,hypertension,diabetes,alcoholism,handicap",0.7347981603899691,0.004134067931450475,0.37092364590938526,0.007546808277824847,0.14528540713538324,-0.0027458056879108295,0.0013198224173255621,-0.009003190244023407,0.001633614689014126
only_history,the history group alone,hist_gradient_boosting,3,"prev_appointments,prev_no_show_rate,has_history",0.5454361281609408,0.003770936998985988,0.22579391956855172,0.003572696810853153,0.16206379389536965,-0.1921078379169392,0.004624304390333653,-0.15413291658485695,0.006799832983404821
only_lead_calendar,the lead_calendar group alone,hist_gradient_boosting,3,"lead_days,lead_same_day,appt_weekday",0.7057852839689023,0.0027794029537002584,0.33228189001352126,0.003252336500897295,0.14869480263673468,-0.0317586821089777,0.004060722986730353,-0.0476449461398874,0.009183299492229173
only_demographics,the demographics group alone,hist_gradient_boosting,2,"age,is_female",0.5582766941204579,0.007651540797951156,0.2374973556419319,0.0029582186953599878,0.1625712430860284,-0.1792672719574221,0.006840580660556582,-0.14242948051147677,0.006900467287202758
only_flags,the flags group alone,hist_gradient_boosting,6,"sms_received,scholarship,hypertension,diabetes,alcoholism,handicap",0.5767927116459421,0.0028615743630757114,0.2519064291400296,0.0021638908337461397,0.16098056960200094,-0.16075125443193783,0.004686341930652063,-0.12802040701337908,0.00764328485048186
only_neighbourhood,the neighbourhood group alone,hist_gradient_boosting,1,neighbourhood,0.5237109124669583,0.00436162083319621,0.2223782407837147,0.002160253056261978,0.16351234653508934,-0.21383305361092164,0.00688817110357207,-0.15754859536969396,0.00917776712968923
