lead_time_band,sms_received,n,no_show_n,rate,ci_low,ci_high,share_of_band_with_sms,rate_difference_sms_minus_none
0 (same day),0,30982,1489,0.04806016396617391,0.04573396148583463,0.05049842461341806,0.0,
1-3,0,10923,2542,0.23271994873203333,0.22489026799742376,0.2407375603212454,0.04519230769230769,-0.01995399128522482
1-3,1,517,110,0.2127659574468085,0.17967284683001225,0.2500960493751404,0.04519230769230769,-0.01995399128522482
4-7,0,6379,1739,0.272613262266813,0.2618248646750381,0.28367536140946653,0.5559036480089111,-0.027153024320663965
4-7,1,7985,1960,0.24546023794614902,0.23614475619381659,0.2550205121467025,0.5559036480089111,-0.027153024320663965
8-14,0,4689,1586,0.33823843036894863,0.324834133235058,0.3519075565722875,0.535650623885918,-0.0540823941330455
8-14,1,5409,1537,0.28415603623590313,0.27229326243475815,0.2963251761916361,0.535650623885918,-0.0540823941330455
15-30,0,6089,2268,0.3724749548365906,0.3604155516282878,0.3846951638760106,0.5455970149253732,-0.0617103535508568
15-30,1,7311,2272,0.3107646012857338,0.3002576714627044,0.3214702886641068,0.5455970149253732,-0.0617103535508568
31+,0,3645,1376,0.3775034293552812,0.3619029209934565,0.39336186371610266,0.5578066238020138,-0.08128768337876968
31+,1,4598,1362,0.2962157459765115,0.2831928989210846,0.309578817196322,0.5578066238020138,-0.08128768337876968
