model,params,cv_ap_mean,cv_ap_std,cv_auc_mean,cv_auc_std,cv_brier_mean,selected
logistic_regression,"{""C"": 0.01}",0.30941377579756885,0.011966581100877574,0.5974097576601013,0.009735016051637834,0.2384402709020348,True
logistic_regression,"{""C"": 0.1}",0.3091555610268365,0.012113023590482275,0.596910675505227,0.009765622747819227,0.23838220544301542,False
logistic_regression,"{""C"": 1.0}",0.30912053760373226,0.012115092305026531,0.5968463861973238,0.009764424481475012,0.23839988803643414,False
logistic_regression,"{""C"": 10.0}",0.3091167768606976,0.012114824623334557,0.5968395368113333,0.009763221829704188,0.23840119407314134,False
random_forest,"{""max_features"": ""sqrt"", ""min_samples_leaf"": 20, ""n_estimators"": 300}",0.35448424791446465,0.009177234715722992,0.6453266485825717,0.006878125335788501,0.15418898989954724,False
random_forest,"{""max_features"": ""sqrt"", ""min_samples_leaf"": 80, ""n_estimators"": 300}",0.3452445169929567,0.011695235298138354,0.6406137662227971,0.00846224623488756,0.15549060378963084,False
random_forest,"{""max_features"": 0.5, ""min_samples_leaf"": 20, ""n_estimators"": 300}",0.35671783259349577,0.010096332305257147,0.6458793172716197,0.007930614332559607,0.15391958516664073,True
random_forest,"{""max_features"": 0.5, ""min_samples_leaf"": 80, ""n_estimators"": 300}",0.3486981181324154,0.012020256851600979,0.6425020751366175,0.009384327785698995,0.1549314913782988,False
hist_gradient_boosting,"{""l2_regularization"": 0.0, ""learning_rate"": 0.05, ""max_iter"": 200, ""max_leaf_nodes"": 15}",0.3528398555553328,0.010930065446478818,0.6425768101739939,0.00801672368084557,0.1542644148218583,False
hist_gradient_boosting,"{""l2_regularization"": 0.0, ""learning_rate"": 0.05, ""max_iter"": 200, ""max_leaf_nodes"": 31}",0.35404075229571985,0.009535662164784178,0.6438839962043925,0.006948157496154281,0.15416468254962926,False
hist_gradient_boosting,"{""l2_regularization"": 0.0, ""learning_rate"": 0.1, ""max_iter"": 200, ""max_leaf_nodes"": 15}",0.35212748756523643,0.010628604998880712,0.6423897401078457,0.00783195820260808,0.1543202749010784,False
hist_gradient_boosting,"{""l2_regularization"": 0.0, ""learning_rate"": 0.1, ""max_iter"": 200, ""max_leaf_nodes"": 31}",0.3496375718453055,0.007997931662655286,0.6411140988376764,0.00654973904000587,0.1547613750479152,False
hist_gradient_boosting,"{""l2_regularization"": 1.0, ""learning_rate"": 0.05, ""max_iter"": 200, ""max_leaf_nodes"": 15}",0.35326733179261527,0.011806785631541023,0.6427918709071514,0.008867311967341824,0.15424729412884094,False
hist_gradient_boosting,"{""l2_regularization"": 1.0, ""learning_rate"": 0.05, ""max_iter"": 200, ""max_leaf_nodes"": 31}",0.35531942977870773,0.008729152394253606,0.6450721841162051,0.007211043352971568,0.15400285952888304,True
hist_gradient_boosting,"{""l2_regularization"": 1.0, ""learning_rate"": 0.1, ""max_iter"": 200, ""max_leaf_nodes"": 15}",0.35159836983762444,0.010083447320651045,0.6417834170576675,0.006926771539793295,0.1543754644041936,False
hist_gradient_boosting,"{""l2_regularization"": 1.0, ""learning_rate"": 0.1, ""max_iter"": 200, ""max_leaf_nodes"": 31}",0.35383622435480466,0.008954185463326405,0.6421972112280282,0.00478218608340028,0.15441801694584442,False
