dataset,base_model,strategy,n,n_positive,n_boot,auc_roc,auc_roc_lo,auc_roc_hi,avg_precision,avg_precision_lo,avg_precision_hi,brier,brier_lo,brier_hi,sens_at_prec_30,sens_at_prec_30_lo,sens_at_prec_30_hi,sens_at_prec_40,sens_at_prec_40_lo,sens_at_prec_40_hi,sens_at_prec_50,sens_at_prec_50_lo,sens_at_prec_50_hi,params,mean_predicted,prevalence,cv_threshold,precision_at_default_threshold,recall_at_default_threshold,f1_at_default_threshold,precision_at_cv_threshold,recall_at_cv_threshold,f1_at_cv_threshold
kaggle,logistic_regression,none,21984,4070,1000,0.7178791161374615,0.709514147366942,0.7261256249843734,0.31599411055353743,0.3035808403606003,0.32883461509467016,0.13780409871708402,0.13481099909125047,0.14062840285718234,0.6835380835380835,0.5572207945894975,0.7774167352038862,0.031203931203931203,0.00730447431278548,0.10671736947791165,0.009582309582309583,0.00024094360149531845,0.018695884368554985,"{""C"": 10.0, ""class_weight"": null}",0.19907054941702632,0.18513464337700145,0.2338549955858093,0.45217391304347826,0.012776412776412777,0.024850657108721627,0.2974498538453785,0.725061425061425,0.4218426131084268
kaggle,logistic_regression,class_weights,21984,4070,1000,0.7179220595040624,0.709645140515875,0.7261612158618691,0.31430046311745585,0.30215126481327953,0.3268445683772868,0.21465690963374504,0.2122394435341399,0.21724670746338975,0.6756756756756757,0.5451758822138313,0.7769984765457558,0.028992628992628992,0.00143268769931243,0.10277291072161508,0.005896805896805897,0.0,0.019708395314136866,"{""C"": 10.0, ""class_weight"": ""balanced""}",0.4422247862456445,0.18513464337700145,0.5378616048055525,0.2804888256466058,0.8233415233415233,0.4184304176812137,0.29515635789681366,0.7351351351351352,0.42120081649890895
kaggle,logistic_regression,threshold_tuning,21984,4070,1000,0.7178791161374615,0.709514147366942,0.7261256249843734,0.31599411055353743,0.3035808403606003,0.32883461509467016,0.13780409871708402,0.13481099909125047,0.14062840285718234,0.6835380835380835,0.5572207945894975,0.7774167352038862,0.031203931203931203,0.00730447431278548,0.10671736947791165,0.009582309582309583,0.00024094360149531845,0.018695884368554985,"{""C"": 10.0, ""class_weight"": null}",0.19907054941702632,0.18513464337700145,0.2338549955858093,0.45217391304347826,0.012776412776412777,0.024850657108721627,0.2974498538453785,0.725061425061425,0.4218426131084268
kaggle,logistic_regression,random_under_sampling,21984,4070,1000,0.7174033239345285,0.7092671162501936,0.7255953440186677,0.31308575306528075,0.30081751536331935,0.32564249089219677,0.2149051339546261,0.2124871030031128,0.21746139937596903,0.6714987714987715,0.537286583216669,0.7800447823927382,0.0285012285012285,0.0014767180564826195,0.07330388924404821,0.0019656019656019656,0.0002453250540825899,0.01812376230646173,"{""C"": 10.0, ""class_weight"": null}",0.4426170676350179,0.18513464337700145,0.5278630283895319,0.27901193633952254,0.827027027027027,0.41725548531052437,0.2911873840445269,0.7712530712530713,0.4227609427609428
kaggle,logistic_regression,smote,21984,4070,1000,0.7169618480213545,0.7086538267138378,0.7251198059688466,0.3125203512031541,0.30023893097590676,0.325023667230674,0.21364194844427167,0.21119071583342722,0.2162121035851204,0.6687960687960688,0.5435155421657039,0.7663418652919818,0.0171990171990172,0.0014477775162916634,0.07729860627666052,0.005651105651105651,0.0,0.015847809404536107,"{""C"": 10.0, ""class_weight"": null}",0.43891731971493764,0.18513464337700145,0.5473093456964158,0.2817910447761194,0.8117936117936118,0.4183602405824628,0.29754762656562467,0.6945945945945946,0.41662368285314266
kaggle,logistic_regression,nearmiss,21984,4070,1000,0.566186837522106,0.5563641840065209,0.5766367138582953,0.20302482498956526,0.19468102577929244,0.21277195584219696,0.4595891656772513,0.45340816336508744,0.46587463897266157,0.0,0.0,0.0,0.0,0.0,0.0,0.0,0.0,0.0,"{""C"": 10.0, ""class_weight"": null}",0.6778959876211962,0.18513464337700145,0.2667292083618797,0.21068190776507686,0.787960687960688,0.33246941737507774,0.20768589008238605,0.9786240786240786,0.3426531314521679
kaggle,hist_gradient_boosting,none,21984,4070,1000,0.7320694231434435,0.7237276512472445,0.7400565129088309,0.33933559835773686,0.32548286080388716,0.3548968145179274,0.1356634122454323,0.13284273561645504,0.138494693700088,0.7321867321867321,0.6679260640758732,0.7915880883301096,0.11842751842751843,0.05112540506419809,0.23310426109339152,0.021867321867321866,0.007476379385622856,0.055172486431957164,"{""class_weight"": null, ""l2_regularization"": 1.0, ""learning_rate"": 0.05, ""max_iter"": 200, ""max_leaf_nodes"": 15}",0.19746560242646335,0.18513464337700145,0.22878933180616573,0.5040650406504065,0.015233415233415233,0.029573098020510374,0.3000607410406965,0.7282555282555283,0.4250071694866648
kaggle,hist_gradient_boosting,class_weights,21984,4070,1000,0.7325081628056954,0.7242096804555573,0.7407820804939568,0.3405311154677235,0.32655843152272435,0.3556205992148756,0.20660235119228768,0.20415205775927672,0.2089885827642127,0.7253071253071253,0.6658683872047979,0.7908098970070946,0.15036855036855037,0.06067213455341456,0.24386241137997486,0.02285012285012285,0.006217563538656901,0.04320233096540001,"{""class_weight"": ""balanced"", ""l2_regularization"": 1.0, ""learning_rate"": 0.05, ""max_iter"": 200, ""max_leaf_nodes"": 15}",0.4317157769368426,0.18513464337700145,0.5259114824413677,0.29014286997933325,0.7933660933660933,0.4248963747614974,0.2992299229922992,0.7351351351351352,0.4253322908522283
kaggle,hist_gradient_boosting,threshold_tuning,21984,4070,1000,0.7320694231434435,0.7237276512472445,0.7400565129088309,0.33933559835773686,0.32548286080388716,0.3548968145179274,0.1356634122454323,0.13284273561645504,0.138494693700088,0.7321867321867321,0.6679260640758732,0.7915880883301096,0.11842751842751843,0.05112540506419809,0.23310426109339152,0.021867321867321866,0.007476379385622856,0.055172486431957164,"{""class_weight"": null, ""l2_regularization"": 1.0, ""learning_rate"": 0.05, ""max_iter"": 200, ""max_leaf_nodes"": 15}",0.19746560242646335,0.18513464337700145,0.22878933180616573,0.5040650406504065,0.015233415233415233,0.029573098020510374,0.3000607410406965,0.7282555282555283,0.4250071694866648
kaggle,hist_gradient_boosting,random_under_sampling,21984,4070,1000,0.7312334333379327,0.723327113693664,0.7392919317494746,0.3379429497087256,0.32457166057933046,0.35258487439053593,0.2103776567222898,0.20788336930401508,0.21280428354477626,0.7380835380835381,0.6501955393849922,0.7934897932935098,0.09975429975429975,0.05565198171640326,0.22223178362844156,0.024324324324324326,0.011099397069451702,0.04899943084093424,"{""class_weight"": null, ""l2_regularization"": 1.0, ""learning_rate"": 0.05, ""max_iter"": 200, ""max_leaf_nodes"": 15}",0.4380894967380315,0.18513464337700145,0.5187971059836279,0.28598452278589853,0.8171990171990172,0.4236942675159236,0.2925301648705904,0.7803439803439803,0.42553761639981247
kaggle,hist_gradient_boosting,smote,21984,4070,1000,0.7201290961813458,0.7118521172517722,0.7274781283517782,0.3197105971652377,0.3063300976907976,0.33321591908062737,0.15579787209657517,0.15355642250416301,0.15807603422436953,0.672972972972973,0.5626251056661605,0.7436642747711677,0.05331695331695332,0.00979170937445429,0.10147435714056856,0.011547911547911549,0.001970459874970106,0.029001817042606515,"{""class_weight"": null, ""l2_regularization"": 1.0, ""learning_rate"": 0.05, ""max_iter"": 200, ""max_leaf_nodes"": 15}",0.3066732598221195,0.18513464337700145,0.3364637130838981,0.3374861572535991,0.2995085995085995,0.31736526946107785,0.2918029537119635,0.7233415233415234,0.41584857687689813
kaggle,hist_gradient_boosting,nearmiss,21984,4070,1000,0.6354537677832308,0.6262895267837669,0.6445079642737119,0.24702247774758507,0.2369461889938092,0.2586833686427596,0.42908644595534945,0.4232181289089847,0.43481916556953026,0.0009828009828009828,0.0,0.06239272928277557,0.0009828009828009828,0.0,0.005715210023621238,0.0,0.0,0.0021802457652667345,"{""class_weight"": null, ""l2_regularization"": 1.0, ""learning_rate"": 0.05, ""max_iter"": 200, ""max_leaf_nodes"": 15}",0.6599680820415279,0.18513464337700145,0.4051188261723476,0.22863651155222908,0.8631449631449631,0.3615127347568819,0.2239912493923189,0.9056511056511056,0.3591542433986164
