version,bin,n,mean_predicted,observed_rate,ci_low,ci_high
uncalibrated,1,2199,0.027908255878211705,0.020009095043201454,0.01493888291452501,0.02675338618228839
uncalibrated,2,2198,0.036858480861121624,0.03184713375796178,0.025284202131966724,0.0400435980605042
uncalibrated,3,2198,0.05015392448256742,0.03139217470427662,0.024880499653902575,0.0395389699265105
uncalibrated,4,2199,0.1350928552966244,0.12369258753979082,0.11058462559390446,0.13811300839720222
uncalibrated,5,2198,0.1947195644848277,0.1897179253867152,0.17387357988450616,0.20664494269203917
uncalibrated,6,2198,0.22870441397495087,0.21519563239308462,0.19851998452758934,0.23286505232419563
uncalibrated,7,2199,0.26090565784815073,0.2646657571623465,0.24664911260986971,0.28350318417610937
uncalibrated,8,2198,0.29589073968182367,0.2661510464058235,0.2480949155631864,0.28502314983907806
uncalibrated,9,2198,0.33528792587681255,0.3348498635122839,0.3154234667430516,0.3548525210799484
uncalibrated,10,2199,0.4091145703337506,0.373806275579809,0.3538212925532215,0.39423138833201365
calibrated,1,2199,0.027908255878211705,0.020009095043201454,0.01493888291452501,0.02675338618228839
calibrated,2,2198,0.036858480861121624,0.03184713375796178,0.025284202131966724,0.0400435980605042
calibrated,3,2198,0.05015392448256742,0.03139217470427662,0.024880499653902575,0.0395389699265105
calibrated,4,2199,0.1350928552966244,0.12369258753979082,0.11058462559390446,0.13811300839720222
calibrated,5,2198,0.1947195644848277,0.1897179253867152,0.17387357988450616,0.20664494269203917
calibrated,6,2198,0.22870441397495087,0.21519563239308462,0.19851998452758934,0.23286505232419563
calibrated,7,2199,0.26090565784815073,0.2646657571623465,0.24664911260986971,0.28350318417610937
calibrated,8,2198,0.29589073968182367,0.2661510464058235,0.2480949155631864,0.28502314983907806
calibrated,9,2198,0.33528792587681255,0.3348498635122839,0.3154234667430516,0.3548525210799484
calibrated,10,2199,0.4091145703337506,0.373806275579809,0.3538212925532215,0.39423138833201365
