session_minutes,slot_minutes,n_slots,n_reps,base_seed,policy,family,parameter,threshold,double_slots_mean,share_double_slots_both_attend,patients_served,patients_served_lo,patients_served_hi,mean_wait_min,mean_wait_min_lo,mean_wait_min_hi,overtime_min,overtime_min_lo,overtime_min_hi,idle_min,idle_min_lo,idle_min_hi,share_sessions_both_attend,share_sessions_both_attend_lo,share_sessions_both_attend_hi,patients_served_vs_p0,patients_served_vs_p0_lo,patients_served_vs_p0_hi,mean_wait_min_vs_p0,mean_wait_min_vs_p0_lo,mean_wait_min_vs_p0_hi,overtime_min_vs_p0,overtime_min_vs_p0_lo,overtime_min_vs_p0_hi,idle_min_vs_p0,idle_min_vs_p0_lo,idle_min_vs_p0_hi,share_sessions_both_attend_vs_p0,share_sessions_both_attend_vs_p0_lo,share_sessions_both_attend_vs_p0_hi
240,15,16,1000,42,P0,P0,none,,0.0,,12.746,12.646672833790491,12.84532716620951,2.897941928237904,2.674033465207959,3.1218503912678495,3.655426255870184,3.2259926070241565,4.084859904716211,72.14132934436971,70.37599741655717,73.90666127218225,0.0,0.0,0.0,0.0,0.0,0.0,0.0,0.0,0.0,0.0,0.0,0.0,0.0,0.0,0.0,0.0,0.0,0.0
240,15,16,1000,42,P1 k=2,P1,k=2,,8.0,0.638375,19.16,19.035698215782805,19.284301784217195,21.378461726089782,20.53977550691778,22.217147945261782,37.33032131650105,35.64355318348103,39.017089449521066,19.671440800628666,18.567450642740503,20.77543095851683,1.0,1.0,1.0,6.414,6.342544630903863,6.485455369096137,18.480519797851876,17.76457078756771,19.196468808136043,33.67489506063087,32.12112516589735,35.22866495536439,-52.469888543741035,-53.789369739259136,-51.150407348222934,1.0,1.0,1.0
240,15,16,1000,42,P1 k=3,P1,k=3,,5.0,0.6376,16.763,16.648775219886286,16.877224780113718,13.135679235072967,12.527382557102191,13.743975913043743,18.987806264929805,17.787396574727946,20.188215955131664,33.64599004103872,32.225406949440426,35.06657313263702,0.989,0.9825243059167718,0.9954756940832282,4.017,3.9606177076145848,4.073382292385416,10.237737306835061,9.767105096844338,10.708369516825785,15.332380009059621,14.309353163863557,16.355406854255683,-38.49533930333099,-39.53114959695949,-37.459529009702486,0.989,0.9825243059167718,0.9954756940832282
240,15,16,1000,42,P1 k=4,P1,k=4,,4.0,0.64925,15.965,15.854150008035806,16.075849991964194,9.924551227535725,9.445292159594775,10.403810295476674,17.256799153931517,16.23902782891812,18.274570478944916,42.70177953320007,41.15501849194294,44.248540574457195,0.986,0.9787055204498815,0.9932944795501185,3.219,3.168674579752134,3.2693254202478657,7.026609299297822,6.693096016236034,7.36012258235961,13.601372898061333,12.784574094431658,14.418171701691008,-29.439549811169638,-30.31293453154072,-28.566165090798556,0.986,0.9787055204498815,0.9932944795501185
240,15,16,1000,42,P1 k=6,P1,k=6,,2.0,0.639,14.355,14.251613266774852,14.458386733225149,6.879582417517265,6.4982200847597875,7.260944750274743,6.892900388524005,6.21389072005114,7.57191005699687,53.60546725528227,51.96191463719704,55.2490198733675,0.869,0.8480522504995641,0.8899477495004359,1.609,1.574425490847936,1.643574509152064,3.981640489279361,3.752420563861953,4.210860414696769,3.2374741326538214,2.81069343988351,3.6642548254241327,-18.535862089087434,-19.2029059532537,-17.868818224921167,0.869,0.8480522504995641,0.8899477495004359
240,15,16,1000,42,P2 0.3,P2,0.3,0.3,4.36,0.5068807339449541,16.253,16.128999520653974,16.377000479346027,11.037955221479079,10.435338298090928,11.64057214486723,16.107014034033185,14.942354340935633,17.271673727130736,37.642405439608034,36.07180233619362,39.21300854302245,0.916,0.898778173262164,0.933221826737836,3.507,3.4085994745526165,3.6054005254473838,8.140013293241175,7.649615876716608,8.630410709765743,12.451587778163,11.442016061671744,13.461159494654257,-34.49892390476168,-35.725926911267344,-33.27192089825602,0.916,0.898778173262164,0.933221826737836
240,15,16,1000,42,P2 0.5,P2,0.5,0.5,0.073,0.1643835616438356,12.802,12.702841556856557,12.901158443143443,2.9606539434513133,2.734785286311101,3.1865226005915255,3.723716107525733,3.292500315504138,4.154931899547328,71.47231810587974,69.7102131385574,73.23442307320207,0.012,0.005239778419358747,0.018760221580641254,0.056,0.04172514036753519,0.07027485963246481,0.06271201521340954,0.03010938572395947,0.09531464470285961,0.06828985165554832,0.022255407205306568,0.11432429610579008,-0.6690112384899777,-0.8631688419379955,-0.4748536350419599,0.012,0.005239778419358747,0.018760221580641254
240,15,16,1000,42,P2 p50,P2,p50,0.21948470617947294,8.044,0.5489806066633516,19.168,19.028759312828235,19.307240687171763,21.697371696443504,20.7718616829264,22.62288170996061,36.35298251427605,34.527597478375384,38.178367550176716,18.556438426790795,17.409936782842287,19.702940070739302,0.992,0.986469140002103,0.997530859997897,6.422,6.301101422810913,6.542898577189087,18.7994297682056,17.97216497241548,19.626694563995716,32.69755625840587,30.98504036683125,34.410072149980486,-53.58489091757892,-55.07492949270587,-52.094852342451965,0.992,0.986469140002103,0.997530859997897
240,15,16,1000,42,P2 p70,P2,p70,0.2885575776980399,4.812,0.5103906899418121,16.615,16.49050648726598,16.73949351273402,12.092007675711214,11.453599574976426,12.730415776446002,17.91696701934569,16.675372480046036,19.158561558645346,34.46011252824859,32.93957936010914,35.98064569638803,0.938,0.9230276800309483,0.9529723199690516,3.869,3.7665709718633127,3.9714290281366877,9.194065747473312,8.664555049135137,9.723576445811487,14.261540763475507,13.169040806649063,15.35404072030195,-37.681216816121115,-38.95476666090716,-36.40766697133507,0.938,0.9230276800309483,0.9529723199690516
240,15,16,1000,42,P2 p80,P2,p80,0.3340341223163466,3.177,0.48914069877242683,15.298,15.178976672272762,15.417023327727238,8.364291258471596,7.8602895433355915,8.8682929736076,11.437478235553444,10.502859828911063,12.372096642195825,45.837377764983415,44.19078638484803,47.4839691451188,0.807,0.7824976771676915,0.8315023228323086,2.552,2.4614038264815195,2.6425961735184806,5.466349330233692,5.076569374783347,5.8561292856840375,7.782051979683259,7.009583632804311,8.554520326562207,-26.303951579386297,-27.424119069004,-25.183784089768594,0.807,0.7824976771676915,0.8315023228323086
240,15,16,1000,42,P2 p90,P2,p90,0.3796618065570787,1.521,0.4523339907955293,13.986,13.876619732782878,14.095380267217124,5.201201609238682,4.847807328233369,5.554595890243995,6.553639538390546,5.93319335237315,7.1740857244079415,58.468508575022355,56.71965579784769,60.21736135219702,0.509,0.4779621612148578,0.5400378387851422,1.24,1.1736408318895457,1.3063591681104543,2.303259681000778,2.075529210581167,2.530990151420389,2.8982132825203606,2.487054945897804,3.309371619142917,-13.672820769347352,-14.512894519051471,-12.832747019643232,0.509,0.4779621612148578,0.5400378387851422
240,15,16,1000,42,P2 p95,P2,p95,0.4091214585141591,0.71,0.4253521126760563,13.334,13.228263707550893,13.439736292449107,3.8871690354885424,3.607157069021326,4.167181001955759,4.924351503495764,4.420957901392001,5.427745105599527,65.60994617342027,63.82857671909265,67.39131562774789,0.262,0.23469949614816163,0.2893005038518384,0.588,0.541528670873494,0.634471329126506,0.9892271072506382,0.8456633880714105,1.132790826429866,1.2689252476255795,1.0066181263776268,1.531232368873532,-6.531383170949451,-7.116948902961149,-5.945817438937753,0.262,0.23469949614816163,0.2893005038518384
