session_minutes,slot_minutes,n_slots,n_reps,base_seed,base_rate_scale,base_no_show_rate,policy,family,parameter,threshold,double_slots_mean,share_double_slots_both_attend,patients_served,patients_served_lo,patients_served_hi,mean_wait_min,mean_wait_min_lo,mean_wait_min_hi,overtime_min,overtime_min_lo,overtime_min_hi,idle_min,idle_min_lo,idle_min_hi,share_sessions_both_attend,share_sessions_both_attend_lo,share_sessions_both_attend_hi,patients_served_vs_p0,patients_served_vs_p0_lo,patients_served_vs_p0_hi,mean_wait_min_vs_p0,mean_wait_min_vs_p0_lo,mean_wait_min_vs_p0_hi,overtime_min_vs_p0,overtime_min_vs_p0_lo,overtime_min_vs_p0_hi,idle_min_vs_p0,idle_min_vs_p0_lo,idle_min_vs_p0_hi,share_sessions_both_attend_vs_p0,share_sessions_both_attend_vs_p0_lo,share_sessions_both_attend_vs_p0_hi
240,15,16,1000,42,0.5,0.10203858000191249,P0,P0,none,,0.0,,14.377,14.30195914567776,14.452040854322242,3.951117341408706,3.657908606898962,4.24432607591845,5.433781304696548,4.884461048459146,5.9831015609339495,52.06284935406528,50.543070738696045,53.58262796943451,0.0,0.0,0.0,0.0,0.0,0.0,0.0,0.0,0.0,0.0,0.0,0.0,0.0,0.0,0.0,0.0,0.0,0.0
240,15,16,1000,42,0.5,0.10203858000191249,P1 k=2,P1,k=2,,8.0,0.810375,21.608,21.515988687482455,21.700011312517546,30.88451571165777,29.918211211306172,31.850820212009367,59.34371913632635,57.459187196770515,61.228251075882184,9.074572671133923,8.483985139146046,9.6651602031218,1.0,1.0,1.0,7.231,7.177821872507419,7.284178127492581,26.933398370249066,26.133247732456674,27.733549008041457,53.909937831629804,52.220410730463335,55.59946493279627,-42.98827668293136,-44.28265777997927,-41.693895585883446,1.0,1.0,1.0
240,15,16,1000,42,0.5,0.10203858000191249,P1 k=3,P1,k=3,,5.0,0.8134,18.896,18.80985542006417,18.98214457993583,18.911213135629485,18.17011482347799,19.652311447780978,32.07304505980028,30.60256228763237,33.543527831968184,18.257846670618886,17.335800766670825,19.179892574566946,1.0,1.0,1.0,4.519,4.477647031116438,4.560352968883563,14.960095794220777,14.407369963483609,15.512821624957946,26.63926375510373,25.42424272302454,27.85428478718292,-33.805002683446396,-34.84665779796063,-32.76334756893216,1.0,1.0,1.0
240,15,16,1000,42,0.5,0.10203858000191249,P1 k=4,P1,k=4,,4.0,0.812,18.002,17.91902790102642,18.084972098973576,14.032673948879454,13.421971421535343,14.643376476223565,26.93808403159245,25.680643101752192,28.195524961432707,25.195242301688026,24.09445731321906,26.296027290156992,0.998,0.9952262194133513,1.0007737805866488,3.625,3.5885659337342495,3.6614340662657505,10.081556607470748,9.671831663175878,10.491281551765619,21.504302726895904,20.534569462589435,22.474035991202374,-26.86760705237724,-27.721455899659087,-26.013758205095396,0.998,0.9952262194133513,1.0007737805866488
240,15,16,1000,42,0.5,0.10203858000191249,P1 k=6,P1,k=6,,2.0,0.8095,16.186,16.10802357777466,16.26397642222534,9.714386522073223,9.235012716868619,10.193760327277827,12.324837636503627,11.396679329438017,13.252995943569237,34.654661937653785,33.36709933161126,35.94222454369631,0.973,0.9629369382422226,0.9830630617577774,1.809,1.7839709764762328,1.834029023523767,5.763269180664518,5.492955694866122,6.033582666462914,6.891056331807081,6.30576590722399,7.476346756390172,-17.408187416411486,-18.0457496990838,-16.770625133739173,0.973,0.9629369382422226,0.9830630617577774
240,15,16,1000,42,0.5,0.10203858000191249,P2 0.3,P2,0.3,0.3,0.026,0.5,14.402,14.32651038243751,14.477489617562489,4.007424138959975,3.7102312448109815,4.304617033108969,5.527048455543926,4.967599903642786,6.0864970074450655,51.8251537251407,50.30077265997869,53.34953479030271,0.013,0.005967300056032429,0.020032699943967572,0.025,0.015306867530934867,0.034693132469065135,0.056306797551269085,0.02137407639524945,0.09123951870728872,0.0932671508473781,0.022243204301948608,0.16429109739280762,-0.23769562892458318,-0.3457969137174368,-0.12959434413172957,0.013,0.005967300056032429,0.020032699943967572
240,15,16,1000,42,0.5,0.10203858000191249,P2 0.5,P2,0.5,0.5,0.0,,14.377,14.30195914567776,14.452040854322242,3.951117341408706,3.657908606898962,4.24432607591845,5.433781304696548,4.884461048459146,5.9831015609339495,52.06284935406528,50.543070738696045,53.58262796943451,0.0,0.0,0.0,0.0,0.0,0.0,0.0,0.0,0.0,0.0,0.0,0.0,0.0,0.0,0.0,0.0,0.0,0.0
240,15,16,1000,42,0.5,0.10203858000191249,P2 p50,P2,p50,0.10974235308973647,8.044,0.7609398309298856,21.634,21.503501099030686,21.764498900969315,32.12138857339868,31.01007678553469,33.23270036126268,59.32878950882512,57.179792336322336,61.4777866813279,8.604645933436736,7.919603025465865,9.289688841407605,1.0,1.0,1.0,7.257,7.13421847501396,7.379781524986039,28.170271231989975,27.191149108536614,29.149393355443337,53.895008204128565,51.91152503147902,55.87849137677811,-43.45820342062854,-44.82977534238033,-42.086631498876756,1.0,1.0,1.0
240,15,16,1000,42,0.5,0.10203858000191249,P2 p70,P2,p70,0.14427878884901996,4.812,0.7389858686616791,18.728,18.610528011693514,18.84547198830649,18.42916607625364,17.59333332761186,19.26499882489542,30.968544715067164,29.33481350200133,32.602275928133,19.290628020501146,18.176772276661904,20.404483764340387,0.979,0.970097892610214,0.987902107389786,4.351,4.245239012030654,4.456760987969346,14.478048734844934,13.787410218309212,15.168687251380657,25.53476341037062,24.117404119500982,26.952122701240256,-32.772221333564126,-33.97574844658484,-31.568694220543414,0.979,0.970097892610214,0.987902107389786
240,15,16,1000,42,0.5,0.10203858000191249,P2 p80,P2,p80,0.1670170611581733,3.177,0.7283600881334592,17.249,17.14148229237512,17.356517707624878,12.671605081247238,12.010205110254772,13.333005052239704,19.61883818978766,18.349999032660172,20.887677346915147,27.935032620902927,26.635953025658257,29.234112216147597,0.92,0.9031565619736741,0.936843438026326,2.872,2.779252637327367,2.964747362672633,8.720487739838532,8.2117748287151,9.229200650961964,14.185056885091115,13.156446947223774,15.213666822958455,-24.12781673316235,-25.186066620607814,-23.06956684571689,0.92,0.9031565619736741,0.936843438026326
240,15,16,1000,42,0.5,0.10203858000191249,P2 p90,P2,p90,0.18983090327853935,1.521,0.7159763313609467,15.762,15.668430471719532,15.85556952828047,7.721184852012985,7.241700388982743,8.200669315043227,11.100051306873487,10.213183664319565,11.986918949427409,39.26862397639741,37.80543834988162,40.731809602913195,0.684,0.6551355406062829,0.7128644593937172,1.385,1.3170799354473486,1.4529200645526514,3.770067510604278,3.461374600675175,4.0787604205333805,5.666270002176939,5.067511270887666,6.265028733466213,-12.79422537766787,-13.583300897750672,-12.005149857585067,0.684,0.6551355406062829,0.7128644593937172
240,15,16,1000,42,0.5,0.10203858000191249,P2 p95,P2,p95,0.20456072925707955,0.71,0.6774647887323944,15.02,14.933935642526052,15.106064357473947,5.579607912922215,5.193426061616991,5.96578976422744,7.935117978024682,7.232976264047626,8.637259692001738,46.135278411558254,44.623241869000715,47.64731495411579,0.39,0.3597176861099855,0.4202823138900145,0.643,0.5949265930426605,0.6910734069573395,1.628490571513509,1.4249786277361758,1.8320025152908421,2.5013366733281344,2.1178463138198387,2.88482703283643,-5.9275709425070255,-6.468088666424702,-5.387053218589349,0.39,0.3597176861099855,0.4202823138900145
240,15,16,1000,42,1.0,0.20407716000382498,P0,P0,none,,0.0,,12.746,12.646672833790491,12.84532716620951,2.897941928237904,2.674033465207959,3.1218503912678495,3.655426255870184,3.2259926070241565,4.084859904716211,72.14132934436971,70.37599741655717,73.90666127218225,0.0,0.0,0.0,0.0,0.0,0.0,0.0,0.0,0.0,0.0,0.0,0.0,0.0,0.0,0.0,0.0,0.0,0.0
240,15,16,1000,42,1.0,0.20407716000382498,P1 k=2,P1,k=2,,8.0,0.638375,19.16,19.035698215782805,19.284301784217195,21.378461726089782,20.53977550691778,22.217147945261782,37.33032131650105,35.64355318348103,39.017089449521066,19.671440800628666,18.567450642740503,20.77543095851683,1.0,1.0,1.0,6.414,6.342544630903863,6.485455369096137,18.480519797851876,17.76457078756771,19.196468808136043,33.67489506063087,32.12112516589735,35.22866495536439,-52.469888543741035,-53.789369739259136,-51.150407348222934,1.0,1.0,1.0
240,15,16,1000,42,1.0,0.20407716000382498,P1 k=3,P1,k=3,,5.0,0.6376,16.763,16.648775219886286,16.877224780113718,13.135679235072967,12.527382557102191,13.743975913043743,18.987806264929805,17.787396574727946,20.188215955131664,33.64599004103872,32.225406949440426,35.06657313263702,0.989,0.9825243059167718,0.9954756940832282,4.017,3.9606177076145848,4.073382292385416,10.237737306835061,9.767105096844338,10.708369516825785,15.332380009059621,14.309353163863557,16.355406854255683,-38.49533930333099,-39.53114959695949,-37.459529009702486,0.989,0.9825243059167718,0.9954756940832282
240,15,16,1000,42,1.0,0.20407716000382498,P1 k=4,P1,k=4,,4.0,0.64925,15.965,15.854150008035806,16.075849991964194,9.924551227535725,9.445292159594775,10.403810295476674,17.256799153931517,16.23902782891812,18.274570478944916,42.70177953320007,41.15501849194294,44.248540574457195,0.986,0.9787055204498815,0.9932944795501185,3.219,3.168674579752134,3.2693254202478657,7.026609299297822,6.693096016236034,7.36012258235961,13.601372898061333,12.784574094431658,14.418171701691008,-29.439549811169638,-30.31293453154072,-28.566165090798556,0.986,0.9787055204498815,0.9932944795501185
240,15,16,1000,42,1.0,0.20407716000382498,P1 k=6,P1,k=6,,2.0,0.639,14.355,14.251613266774852,14.458386733225149,6.879582417517265,6.4982200847597875,7.260944750274743,6.892900388524005,6.21389072005114,7.57191005699687,53.60546725528227,51.96191463719704,55.2490198733675,0.869,0.8480522504995641,0.8899477495004359,1.609,1.574425490847936,1.643574509152064,3.981640489279361,3.752420563861953,4.210860414696769,3.2374741326538214,2.81069343988351,3.6642548254241327,-18.535862089087434,-19.2029059532537,-17.868818224921167,0.869,0.8480522504995641,0.8899477495004359
240,15,16,1000,42,1.0,0.20407716000382498,P2 0.3,P2,0.3,0.3,4.36,0.5068807339449541,16.253,16.128999520653974,16.377000479346027,11.037955221479079,10.435338298090928,11.64057214486723,16.107014034033185,14.942354340935633,17.271673727130736,37.642405439608034,36.07180233619362,39.21300854302245,0.916,0.898778173262164,0.933221826737836,3.507,3.4085994745526165,3.6054005254473838,8.140013293241175,7.649615876716608,8.630410709765743,12.451587778163,11.442016061671744,13.461159494654257,-34.49892390476168,-35.725926911267344,-33.27192089825602,0.916,0.898778173262164,0.933221826737836
240,15,16,1000,42,1.0,0.20407716000382498,P2 0.5,P2,0.5,0.5,0.073,0.1643835616438356,12.802,12.702841556856557,12.901158443143443,2.9606539434513133,2.734785286311101,3.1865226005915255,3.723716107525733,3.292500315504138,4.154931899547328,71.47231810587974,69.7102131385574,73.23442307320207,0.012,0.005239778419358747,0.018760221580641254,0.056,0.04172514036753519,0.07027485963246481,0.06271201521340954,0.03010938572395947,0.09531464470285961,0.06828985165554832,0.022255407205306568,0.11432429610579008,-0.6690112384899777,-0.8631688419379955,-0.4748536350419599,0.012,0.005239778419358747,0.018760221580641254
240,15,16,1000,42,1.0,0.20407716000382498,P2 p50,P2,p50,0.21948470617947294,8.044,0.5489806066633516,19.168,19.028759312828235,19.307240687171763,21.697371696443504,20.7718616829264,22.62288170996061,36.35298251427605,34.527597478375384,38.178367550176716,18.556438426790795,17.409936782842287,19.702940070739302,0.992,0.986469140002103,0.997530859997897,6.422,6.301101422810913,6.542898577189087,18.7994297682056,17.97216497241548,19.626694563995716,32.69755625840587,30.98504036683125,34.410072149980486,-53.58489091757892,-55.07492949270587,-52.094852342451965,0.992,0.986469140002103,0.997530859997897
240,15,16,1000,42,1.0,0.20407716000382498,P2 p70,P2,p70,0.2885575776980399,4.812,0.5103906899418121,16.615,16.49050648726598,16.73949351273402,12.092007675711214,11.453599574976426,12.730415776446002,17.91696701934569,16.675372480046036,19.158561558645346,34.46011252824859,32.93957936010914,35.98064569638803,0.938,0.9230276800309483,0.9529723199690516,3.869,3.7665709718633127,3.9714290281366877,9.194065747473312,8.664555049135137,9.723576445811487,14.261540763475507,13.169040806649063,15.35404072030195,-37.681216816121115,-38.95476666090716,-36.40766697133507,0.938,0.9230276800309483,0.9529723199690516
240,15,16,1000,42,1.0,0.20407716000382498,P2 p80,P2,p80,0.3340341223163466,3.177,0.48914069877242683,15.298,15.178976672272762,15.417023327727238,8.364291258471596,7.8602895433355915,8.8682929736076,11.437478235553444,10.502859828911063,12.372096642195825,45.837377764983415,44.19078638484803,47.4839691451188,0.807,0.7824976771676915,0.8315023228323086,2.552,2.4614038264815195,2.6425961735184806,5.466349330233692,5.076569374783347,5.8561292856840375,7.782051979683259,7.009583632804311,8.554520326562207,-26.303951579386297,-27.424119069004,-25.183784089768594,0.807,0.7824976771676915,0.8315023228323086
240,15,16,1000,42,1.0,0.20407716000382498,P2 p90,P2,p90,0.3796618065570787,1.521,0.4523339907955293,13.986,13.876619732782878,14.095380267217124,5.201201609238682,4.847807328233369,5.554595890243995,6.553639538390546,5.93319335237315,7.1740857244079415,58.468508575022355,56.71965579784769,60.21736135219702,0.509,0.4779621612148578,0.5400378387851422,1.24,1.1736408318895457,1.3063591681104543,2.303259681000778,2.075529210581167,2.530990151420389,2.8982132825203606,2.487054945897804,3.309371619142917,-13.672820769347352,-14.512894519051471,-12.832747019643232,0.509,0.4779621612148578,0.5400378387851422
240,15,16,1000,42,1.0,0.20407716000382498,P2 p95,P2,p95,0.4091214585141591,0.71,0.4253521126760563,13.334,13.228263707550893,13.439736292449107,3.8871690354885424,3.607157069021326,4.167181001955759,4.924351503495764,4.420957901392001,5.427745105599527,65.60994617342027,63.82857671909265,67.39131562774789,0.262,0.23469949614816163,0.2893005038518384,0.588,0.541528670873494,0.634471329126506,0.9892271072506382,0.8456633880714105,1.132790826429866,1.2689252476255795,1.0066181263776268,1.531232368873532,-6.531383170949451,-7.116948902961149,-5.945817438937753,0.262,0.23469949614816163,0.2893005038518384
240,15,16,1000,42,1.5,0.3058397707967602,P0,P0,none,,0.0,,11.184,11.072727117374928,11.29527288262507,2.181854767348879,2.000342461792784,2.3633670729049743,2.8012493078761254,2.4158855247242172,3.1866130910280335,92.31575896267469,90.42333126065643,94.20818666469296,0.0,0.0,0.0,0.0,0.0,0.0,0.0,0.0,0.0,0.0,0.0,0.0,0.0,0.0,0.0,0.0,0.0,0.0
240,15,16,1000,42,1.5,0.3058397707967602,P1 k=2,P1,k=2,,8.0,0.48975,16.777,16.63556886992128,16.918431130078723,14.427025122868567,13.759087732945765,15.09496251279137,22.293698974188963,20.922312444913782,23.665085503464145,36.68075773799125,35.06831473517166,38.29320074081084,0.993,0.9878237471808907,0.9981762528191093,5.593,5.512639109544556,5.673360890455444,12.245170355519688,11.676111143895998,12.814229567143379,19.492449666312833,18.257366542210043,20.727532790415623,-55.63500122468345,-56.88490200421575,-54.385100445151146,0.993,0.9878237471808907,0.9981762528191093
240,15,16,1000,42,1.5,0.3058397707967602,P1 k=3,P1,k=3,,5.0,0.4878,14.711,14.582323975161582,14.839676024838418,9.173409921961902,8.70046487098956,9.646354972934244,11.321958869329121,10.375756802530937,12.268160936127305,53.5202084697711,51.70857684829642,55.33184009124578,0.964,0.9524340422071668,0.9755659577928332,3.527,3.4641960196744925,3.5898039803255077,6.991555154613023,6.624896510595994,7.358213798630052,8.520709561452998,7.761582356766059,9.279836766139937,-38.795550492903594,-39.80503751726373,-37.78606346854346,0.964,0.9524340422071668,0.9755659577928332
240,15,16,1000,42,1.5,0.3058397707967602,P1 k=4,P1,k=4,,4.0,0.5015,14.001,13.875792925400539,14.12620707459946,7.114025647954865,6.737983048834795,7.490068247074935,11.54006789030015,10.694836617662636,12.385299162937665,63.36141366160981,61.4972198040303,65.22560751918932,0.95,0.9364687274872325,0.9635312725127674,2.817,2.7609330737505067,2.8730669262494937,4.932170880605986,4.663974043337311,5.20036771787466,8.738818582424027,8.087223413351662,9.390413751496393,-28.95434530106488,-29.82036770361747,-28.08832289851229,0.95,0.9364687274872325,0.9635312725127674
240,15,16,1000,42,1.5,0.3058397707967602,P1 k=6,P1,k=6,,2.0,0.4835,12.584,12.466054355639939,12.70194564436006,4.9728067740409365,4.665252151215064,5.280361396866809,4.230028823649079,3.6991018197158847,4.760955827582272,74.731217807487,72.84549817867817,76.61693743629583,0.729,0.7014043743175686,0.7565956256824313,1.4,1.3593824503243075,1.4406175496756923,2.7909520066920575,2.595517788476853,2.9863862249072617,1.4287795157729533,1.1485925345656756,1.708966496980231,-17.58454115518769,-18.27560630287932,-16.89347600749606,0.729,0.7014043743175686,0.7565956256824313
240,15,16,1000,42,1.5,0.3058397707967602,P2 0.3,P2,0.3,0.3,8.937,0.38144791316996757,17.404,17.262548253373737,17.545451746626263,15.823876612847993,15.072031377691157,16.57572184800483,23.83176805661006,22.34727359052374,25.316262522696377,29.96983524922623,28.458959603488484,31.480710894963973,0.977,0.9676931431151189,0.9863068568848811,6.22,6.0989153041696955,6.341084695830304,13.642021845499114,12.970707859068613,14.313335831929615,21.030518748733936,19.653023193535464,22.408014303932408,-62.345923713448464,-63.875705439099875,-60.81614198779705,0.977,0.9676931431151189,0.9863068568848811
240,15,16,1000,42,1.5,0.3058397707967602,P2 0.5,P2,0.5,0.5,3.203,0.2900405869497346,13.438,13.317225193146786,13.558774806853215,5.3390229840891825,4.974320195477643,5.7037257727007225,6.578851374173766,5.880263207389481,7.277439540958051,65.849439552647,64.01644510946116,67.68243399583284,0.612,0.581745957708542,0.642254042291458,2.254,2.1683873040002495,2.3396126959997505,3.157168216740303,2.883376939941186,3.43095949353942,3.77760206629764,3.2399050837255263,4.315299048869754,-26.46631941002769,-27.605259217151243,-25.327379602904138,0.612,0.581745957708542,0.642254042291458
240,15,16,1000,42,1.5,0.3058397707967602,P2 p50,P2,p50,0.3292270592692094,8.044,0.3725758329189458,16.785,16.64489001697132,16.92510998302868,13.69655790197305,13.016072236004595,14.377043567941504,20.04753291121757,18.684747732379353,21.410318090055785,34.27663931227685,32.68554067040466,35.867737954149035,0.958,0.9455462760320302,0.9704537239679697,5.601,5.4831057584741325,5.7188942415258675,11.514703134624167,10.91654035449584,12.112865914752494,17.246283603341446,15.996563584906887,18.496003621776005,-58.03911965039784,-59.521370289811045,-56.55686901098464,0.958,0.9455462760320302,0.9704537239679697
240,15,16,1000,42,1.5,0.3058397707967602,P2 p70,P2,p70,0.4328363665470598,4.812,0.3254364089775561,14.575,14.449802531035015,14.700197468964983,7.729973980657594,7.2591220140056505,8.200825947309538,10.091532029671624,9.166241379256848,11.0168226800864,53.969905157563986,52.17310477527953,55.76670553984844,0.81,0.7856437094770188,0.8343562905229813,3.391,3.2932249390138018,3.4887750609861983,5.548119213308714,5.166134403557521,5.930104023059906,7.290282721795499,6.514283980559711,8.066281463031288,-38.3458538051107,-39.632343790501245,-37.059363819720154,0.81,0.7856437094770188,0.8343562905229813
240,15,16,1000,42,1.5,0.3058397707967602,P2 p80,P2,p80,0.5010511834745198,3.177,0.29084041548630785,13.42,13.299138349244952,13.540861650755048,5.31410160753014,4.94933393228767,5.6788692827726095,6.539984745442626,5.8444278493796125,7.23554164150564,66.04615476932368,64.20974164664707,67.88256789200028,0.61,0.5797176861099855,0.6402823138900144,2.236,2.1504589223504715,2.321541077649529,3.1322468401812604,2.858822753793727,3.405670926568794,3.7387354375665005,3.2060016596682472,4.271469215464753,-26.269604193351007,-27.407366176604697,-25.131842210097318,0.61,0.5797176861099855,0.6402823138900144
240,15,16,1000,42,1.5,0.3058397707967602,P2 p90,P2,p90,0.5694927098356181,1.521,0.252465483234714,12.266,12.150927743177492,12.381072256822508,3.5207907434907053,3.2636190663964015,3.777962420585009,4.116716620975385,3.6315720293109908,4.60186121263978,78.99934538417988,77.10280869140215,80.8958820769576,0.332,0.30276190257624125,0.3612380974237588,1.082,1.0198126504428326,1.1441873495571675,1.3389359761418258,1.184218221823436,1.4936537304602155,1.3154673130992605,1.0614726262304182,1.5694619999681028,-13.316413578494801,-14.162197515996887,-12.470629640992716,0.332,0.30276190257624125,0.3612380974237588
240,15,16,1000,42,1.5,0.3058397707967602,P2 p95,P2,p95,0.6136821877712386,0.71,0.2267605633802817,11.701,11.586627372751613,11.815372627248388,2.7588247856149226,2.553894442833246,2.963755128396599,3.37141424353391,2.9476375029790227,3.7951909840887974,85.94089712422291,84.04141306314395,87.84038118530188,0.15,0.12783095789815577,0.17216904210184422,0.517,0.47364161361383733,0.5603583863861628,0.5769700182660437,0.4824393659602564,0.6715006705718309,0.5701649356577845,0.4063835866556188,0.7339462846599502,-6.374861838451765,-6.971876560812208,-5.777847116091322,0.15,0.12783095789815577,0.17216904210184422
