session_minutes,slot_minutes,n_slots,n_reps,base_seed,variability_scale,service_mean_min,service_sd_min,policy,family,parameter,threshold,double_slots_mean,share_double_slots_both_attend,patients_served,patients_served_lo,patients_served_hi,mean_wait_min,mean_wait_min_lo,mean_wait_min_hi,overtime_min,overtime_min_lo,overtime_min_hi,idle_min,idle_min_lo,idle_min_hi,share_sessions_both_attend,share_sessions_both_attend_lo,share_sessions_both_attend_hi,patients_served_vs_p0,patients_served_vs_p0_lo,patients_served_vs_p0_hi,mean_wait_min_vs_p0,mean_wait_min_vs_p0_lo,mean_wait_min_vs_p0_hi,overtime_min_vs_p0,overtime_min_vs_p0_lo,overtime_min_vs_p0_hi,idle_min_vs_p0,idle_min_vs_p0_lo,idle_min_vs_p0_hi,share_sessions_both_attend_vs_p0,share_sessions_both_attend_vs_p0_lo,share_sessions_both_attend_vs_p0_hi
240,15,16,1000,42,0.5,13.359195562713282,3.075041617635503,P0,P0,none,,0.0,,12.746,12.646672833790491,12.84532716620951,0.8121005731087642,0.7539454048517684,0.8702557413657599,0.9521749016313449,0.8201998110065707,1.084149992256119,70.09223421597737,68.6271800816915,71.55728835026324,0.0,0.0,0.0,0.0,0.0,0.0,0.0,0.0,0.0,0.0,0.0,0.0,0.0,0.0,0.0,0.0,0.0,0.0
240,15,16,1000,42,0.5,13.359195562713282,3.075041617635503,P1 k=2,P1,k=2,,8.0,0.638375,19.16,19.035698215782805,19.284301784217195,18.39514990694102,17.792516251703557,18.99778356217848,32.30071995745451,31.016961796065804,33.58447811884322,15.493191175717072,14.56953998473448,16.416842366699665,1.0,1.0,1.0,6.414,6.342544630903863,6.485455369096137,17.583049333832253,17.00448648914834,18.161612178516165,31.34854505582316,30.087934911714257,32.60915519993206,-54.59904304026029,-55.718552033624846,-53.479534046895736,1.0,1.0,1.0
240,15,16,1000,42,0.5,13.359195562713282,3.075041617635503,P1 k=3,P1,k=3,,5.0,0.6376,16.763,16.648775219886286,16.877224780113718,10.085336457845877,9.696031671264397,10.474641244427357,13.75992978499074,12.954766730620154,14.565092839361327,29.130310963633782,27.902446198274003,30.35817572899356,0.989,0.9825243059167718,0.9954756940832282,4.017,3.9606177076145848,4.073382292385416,9.273235884737112,8.911613747405097,9.634858022069126,12.807754883359394,12.034267654203868,13.58124211251492,-40.96192325234359,-41.81554499421711,-40.10830151047006,0.989,0.9825243059167718,0.9954756940832282
240,15,16,1000,42,0.5,13.359195562713282,3.075041617635503,P1 k=4,P1,k=4,,4.0,0.64925,15.965,15.854150008035806,16.075849991964194,6.990999180436923,6.718330912503492,7.263667448370353,12.45872301495552,11.826572224565494,13.090873805345547,38.5569043901106,37.21001616129181,39.903792618929394,0.986,0.9787055204498815,0.9932944795501185,3.219,3.168674579752134,3.2693254202478657,6.1788986073281595,5.934725006202991,6.423072208453328,11.506548113324175,10.915047073327612,12.098049153320739,-31.535329825866764,-32.25329091398219,-30.817368737751334,0.986,0.9787055204498815,0.9932944795501185
240,15,16,1000,42,0.5,13.359195562713282,3.075041617635503,P1 k=6,P1,k=6,,2.0,0.639,14.355,14.251613266774852,14.458386733225149,4.33167997716573,4.135154018685832,4.5282059356456275,2.8427084369004696,2.5201133537590295,3.1653035200419097,50.33561628478278,48.91709587126856,51.754136698297,0.869,0.8480522504995641,0.8899477495004359,1.609,1.574425490847936,1.643574509152064,3.5195794040569655,3.350468534657456,3.688690273456475,1.8905335352691248,1.6221128371347338,2.158954233403516,-19.75661793119459,-20.287392642721347,-19.225843219667833,0.869,0.8480522504995641,0.8899477495004359
240,15,16,1000,42,0.5,13.359195562713282,3.075041617635503,P2 0.3,P2,0.3,0.3,4.36,0.5068807339449541,16.253,16.128999520653974,16.377000479346027,8.114197769223383,7.689616636922106,8.538778901524658,11.033281483822405,10.203618665930957,11.862944301713853,33.25674776328975,31.880750756190906,34.6327447703886,0.916,0.898778173262164,0.933221826737836,3.507,3.4085994745526165,3.6054005254473838,7.3020971961146195,6.895224599096298,7.708969793132941,10.08110658219106,9.27510812282505,10.88710504155707,-36.83548645268763,-37.98165442922993,-35.68931847614534,0.916,0.898778173262164,0.933221826737836
240,15,16,1000,42,0.5,13.359195562713282,3.075041617635503,P2 0.5,P2,0.5,0.5,0.073,0.1643835616438356,12.802,12.702841556856557,12.901158443143443,0.8524325521397901,0.7896815086288939,0.9151835956506863,0.9934666461573369,0.8566607895401137,1.1302725027745602,69.38950546339815,67.92651419258682,70.85249673420948,0.012,0.005239778419358747,0.018760221580641254,0.056,0.04172514036753519,0.07027485963246481,0.04033197903102592,0.017317877686267323,0.06334608037578451,0.04129174452599205,0.0029878971077244576,0.07959559194425964,-0.7027287525792141,-0.89024213931668,-0.5152153658417482,0.012,0.005239778419358747,0.018760221580641254
240,15,16,1000,42,0.5,13.359195562713282,3.075041617635503,P2 p50,P2,p50,0.21948470617947294,8.044,0.5489806066633516,19.168,19.028759312828235,19.307240687171763,18.792830313133962,18.05368511636144,19.531975509906484,31.215583661070962,29.721365478870872,32.70980184327105,14.299578008329295,13.36473251408198,15.23442350257661,0.992,0.986469140002103,0.997530859997897,6.422,6.301101422810913,6.542898577189087,17.9807297400252,17.25783897158726,18.70362050846314,30.263408759439617,28.78526578127677,31.741551737602464,-55.79265620764808,-57.10415132817937,-54.48116108711679,0.992,0.986469140002103,0.997530859997897
240,15,16,1000,42,0.5,13.359195562713282,3.075041617635503,P2 p70,P2,p70,0.2885575776980399,4.812,0.5103906899418121,16.615,16.49050648726598,16.73949351273402,9.128424518385431,8.66841914769323,9.588429889077632,12.756689880334124,11.851659633710712,13.661720126957535,30.056791182100984,28.735942290779484,31.377640073422484,0.938,0.9230276800309483,0.9529723199690516,3.869,3.7665709718633127,3.9714290281366877,8.316323945276668,7.873364119146701,8.759283771406635,11.804514978702777,10.921487519250123,12.68754243815543,-40.035443033876376,-41.21586586382983,-38.85502020392292,0.938,0.9230276800309483,0.9529723199690516
240,15,16,1000,42,0.5,13.359195562713282,3.075041617635503,P2 p80,P2,p80,0.3340341223163466,3.177,0.48914069877242683,15.298,15.178976672272762,15.417023327727238,5.659093297186329,5.319503156792974,5.998683437579684,6.914235163838126,6.293647614799936,7.534822712876315,41.969903728243516,40.527094802642395,43.412712653844636,0.807,0.7824976771676915,0.8315023228323086,2.552,2.4614038264815195,2.6425961735184806,4.846992724077565,4.52448603744741,5.16949941070772,5.96206026220678,5.367706562140705,6.556413962272855,-28.12233048773385,-29.18675481986284,-27.05790615560486,0.807,0.7824976771676915,0.8315023228323086
240,15,16,1000,42,0.5,13.359195562713282,3.075041617635503,P2 p90,P2,p90,0.3796618065570787,1.521,0.4523339907955293,13.986,13.876619732782878,14.095380267217124,2.75245089356256,2.55683708897392,2.9480646981512,2.8505775450196262,2.522682832478406,3.1784722575608466,55.39145471688783,53.87229112703098,56.91061830674468,0.509,0.4779621612148578,0.5400378387851422,1.24,1.1736408318895457,1.3063591681104543,1.9403503204537955,1.7614930696264104,2.1192075712811804,1.8984026433882812,1.6082134174510885,2.188591869325474,-14.700779499089542,-15.525081323122334,-13.87647767505675,0.509,0.4779621612148578,0.5400378387851422
240,15,16,1000,42,0.5,13.359195562713282,3.075041617635503,P2 p95,P2,p95,0.4091214585141591,0.71,0.4253521126760563,13.334,13.228263707550893,13.439736292449107,1.6149713464712436,1.4894565616117352,1.740486131330752,1.7865009968878116,1.5542831158203994,2.018718877955224,63.08863693276877,61.56964251153181,64.60763135400573,0.262,0.23469949614816163,0.2893005038518384,0.588,0.541528670873494,0.634471329126506,0.8028707733624796,0.6953513118472839,0.9103902348776752,0.8343260952564668,0.6475770076803055,1.0210751828326283,-7.003597283208592,-7.587206109144141,-6.419988457273043,0.262,0.23469949614816163,0.2893005038518384
240,15,16,1000,42,1.0,13.359087062381853,6.148959683619677,P0,P0,none,,0.0,,12.746,12.646672833790491,12.84532716620951,2.897941928237904,2.674033465207959,3.1218503912678495,3.655426255870184,3.2259926070241565,4.084859904716211,72.14132934436971,70.37599741655717,73.90666127218225,0.0,0.0,0.0,0.0,0.0,0.0,0.0,0.0,0.0,0.0,0.0,0.0,0.0,0.0,0.0,0.0,0.0,0.0
240,15,16,1000,42,1.0,13.359087062381853,6.148959683619677,P1 k=2,P1,k=2,,8.0,0.638375,19.16,19.035698215782805,19.284301784217195,21.378461726089782,20.53977550691778,22.217147945261782,37.33032131650105,35.64355318348103,39.017089449521066,19.671440800628666,18.567450642740503,20.77543095851683,1.0,1.0,1.0,6.414,6.342544630903863,6.485455369096137,18.480519797851876,17.76457078756771,19.196468808136043,33.67489506063087,32.12112516589735,35.22866495536439,-52.469888543741035,-53.789369739259136,-51.150407348222934,1.0,1.0,1.0
240,15,16,1000,42,1.0,13.359087062381853,6.148959683619677,P1 k=3,P1,k=3,,5.0,0.6376,16.763,16.648775219886286,16.877224780113718,13.135679235072967,12.527382557102191,13.743975913043743,18.987806264929805,17.787396574727946,20.188215955131664,33.64599004103872,32.225406949440426,35.06657313263702,0.989,0.9825243059167718,0.9954756940832282,4.017,3.9606177076145848,4.073382292385416,10.237737306835061,9.767105096844338,10.708369516825785,15.332380009059621,14.309353163863557,16.355406854255683,-38.49533930333099,-39.53114959695949,-37.459529009702486,0.989,0.9825243059167718,0.9954756940832282
240,15,16,1000,42,1.0,13.359087062381853,6.148959683619677,P1 k=4,P1,k=4,,4.0,0.64925,15.965,15.854150008035806,16.075849991964194,9.924551227535725,9.445292159594775,10.403810295476674,17.256799153931517,16.23902782891812,18.274570478944916,42.70177953320007,41.15501849194294,44.248540574457195,0.986,0.9787055204498815,0.9932944795501185,3.219,3.168674579752134,3.2693254202478657,7.026609299297822,6.693096016236034,7.36012258235961,13.601372898061333,12.784574094431658,14.418171701691008,-29.439549811169638,-30.31293453154072,-28.566165090798556,0.986,0.9787055204498815,0.9932944795501185
240,15,16,1000,42,1.0,13.359087062381853,6.148959683619677,P1 k=6,P1,k=6,,2.0,0.639,14.355,14.251613266774852,14.458386733225149,6.879582417517265,6.4982200847597875,7.260944750274743,6.892900388524005,6.21389072005114,7.57191005699687,53.60546725528227,51.96191463719704,55.2490198733675,0.869,0.8480522504995641,0.8899477495004359,1.609,1.574425490847936,1.643574509152064,3.981640489279361,3.752420563861953,4.210860414696769,3.2374741326538214,2.81069343988351,3.6642548254241327,-18.535862089087434,-19.2029059532537,-17.868818224921167,0.869,0.8480522504995641,0.8899477495004359
240,15,16,1000,42,1.0,13.359087062381853,6.148959683619677,P2 0.3,P2,0.3,0.3,4.36,0.5068807339449541,16.253,16.128999520653974,16.377000479346027,11.037955221479079,10.435338298090928,11.64057214486723,16.107014034033185,14.942354340935633,17.271673727130736,37.642405439608034,36.07180233619362,39.21300854302245,0.916,0.898778173262164,0.933221826737836,3.507,3.4085994745526165,3.6054005254473838,8.140013293241175,7.649615876716608,8.630410709765743,12.451587778163,11.442016061671744,13.461159494654257,-34.49892390476168,-35.725926911267344,-33.27192089825602,0.916,0.898778173262164,0.933221826737836
240,15,16,1000,42,1.0,13.359087062381853,6.148959683619677,P2 0.5,P2,0.5,0.5,0.073,0.1643835616438356,12.802,12.702841556856557,12.901158443143443,2.9606539434513133,2.734785286311101,3.1865226005915255,3.723716107525733,3.292500315504138,4.154931899547328,71.47231810587974,69.7102131385574,73.23442307320207,0.012,0.005239778419358747,0.018760221580641254,0.056,0.04172514036753519,0.07027485963246481,0.06271201521340954,0.03010938572395947,0.09531464470285961,0.06828985165554832,0.022255407205306568,0.11432429610579008,-0.6690112384899777,-0.8631688419379955,-0.4748536350419599,0.012,0.005239778419358747,0.018760221580641254
240,15,16,1000,42,1.0,13.359087062381853,6.148959683619677,P2 p50,P2,p50,0.21948470617947294,8.044,0.5489806066633516,19.168,19.028759312828235,19.307240687171763,21.697371696443504,20.7718616829264,22.62288170996061,36.35298251427605,34.527597478375384,38.178367550176716,18.556438426790795,17.409936782842287,19.702940070739302,0.992,0.986469140002103,0.997530859997897,6.422,6.301101422810913,6.542898577189087,18.7994297682056,17.97216497241548,19.626694563995716,32.69755625840587,30.98504036683125,34.410072149980486,-53.58489091757892,-55.07492949270587,-52.094852342451965,0.992,0.986469140002103,0.997530859997897
240,15,16,1000,42,1.0,13.359087062381853,6.148959683619677,P2 p70,P2,p70,0.2885575776980399,4.812,0.5103906899418121,16.615,16.49050648726598,16.73949351273402,12.092007675711214,11.453599574976426,12.730415776446002,17.91696701934569,16.675372480046036,19.158561558645346,34.46011252824859,32.93957936010914,35.98064569638803,0.938,0.9230276800309483,0.9529723199690516,3.869,3.7665709718633127,3.9714290281366877,9.194065747473312,8.664555049135137,9.723576445811487,14.261540763475507,13.169040806649063,15.35404072030195,-37.681216816121115,-38.95476666090716,-36.40766697133507,0.938,0.9230276800309483,0.9529723199690516
240,15,16,1000,42,1.0,13.359087062381853,6.148959683619677,P2 p80,P2,p80,0.3340341223163466,3.177,0.48914069877242683,15.298,15.178976672272762,15.417023327727238,8.364291258471596,7.8602895433355915,8.8682929736076,11.437478235553444,10.502859828911063,12.372096642195825,45.837377764983415,44.19078638484803,47.4839691451188,0.807,0.7824976771676915,0.8315023228323086,2.552,2.4614038264815195,2.6425961735184806,5.466349330233692,5.076569374783347,5.8561292856840375,7.782051979683259,7.009583632804311,8.554520326562207,-26.303951579386297,-27.424119069004,-25.183784089768594,0.807,0.7824976771676915,0.8315023228323086
240,15,16,1000,42,1.0,13.359087062381853,6.148959683619677,P2 p90,P2,p90,0.3796618065570787,1.521,0.4523339907955293,13.986,13.876619732782878,14.095380267217124,5.201201609238682,4.847807328233369,5.554595890243995,6.553639538390546,5.93319335237315,7.1740857244079415,58.468508575022355,56.71965579784769,60.21736135219702,0.509,0.4779621612148578,0.5400378387851422,1.24,1.1736408318895457,1.3063591681104543,2.303259681000778,2.075529210581167,2.530990151420389,2.8982132825203606,2.487054945897804,3.309371619142917,-13.672820769347352,-14.512894519051471,-12.832747019643232,0.509,0.4779621612148578,0.5400378387851422
240,15,16,1000,42,1.0,13.359087062381853,6.148959683619677,P2 p95,P2,p95,0.4091214585141591,0.71,0.4253521126760563,13.334,13.228263707550893,13.439736292449107,3.8871690354885424,3.607157069021326,4.167181001955759,4.924351503495764,4.420957901392001,5.427745105599527,65.60994617342027,63.82857671909265,67.39131562774789,0.262,0.23469949614816163,0.2893005038518384,0.588,0.541528670873494,0.634471329126506,0.9892271072506382,0.8456633880714105,1.132790826429866,1.2689252476255795,1.0066181263776268,1.531232368873532,-6.531383170949451,-7.116948902961149,-5.945817438937753,0.262,0.23469949614816163,0.2893005038518384
240,15,16,1000,42,1.5,13.35882108165347,9.218830587968112,P0,P0,none,,0.0,,12.746,12.646672833790491,12.84532716620951,5.5648983267362215,5.085264710675562,6.044531942796881,7.662711143925435,6.813545383641949,8.511876904208922,75.48649477431182,73.42115265640379,77.55183689221985,0.0,0.0,0.0,0.0,0.0,0.0,0.0,0.0,0.0,0.0,0.0,0.0,0.0,0.0,0.0,0.0,0.0,0.0
240,15,16,1000,42,1.5,13.35882108165347,9.218830587968112,P1 k=2,P1,k=2,,8.0,0.638375,19.16,19.035698215782805,19.284301784217195,24.967046598018097,23.82610522837307,26.107987967663124,43.465992541037416,41.25825557901179,45.67372950306304,25.012116905300488,23.67539448368327,26.348839326917705,1.0,1.0,1.0,6.414,6.342544630903863,6.485455369096137,19.402148271281877,18.54309751968982,20.261199022873935,35.803281397111974,33.94066825798922,37.665894536234724,-50.474377869011334,-51.959285596543786,-48.98947014147888,1.0,1.0,1.0
240,15,16,1000,42,1.5,13.35882108165347,9.218830587968112,P1 k=3,P1,k=3,,5.0,0.6376,16.763,16.648775219886286,16.877224780113718,16.751517297315164,15.854122257956652,17.64891233667368,25.268196066069525,23.570134261164117,26.966257870974932,39.25017343809499,37.593991181206206,40.90635569498377,0.989,0.9825243059167718,0.9954756940832282,4.017,3.9606177076145848,4.073382292385416,11.186618970578941,10.605879783797329,11.767358157360553,17.605484922144093,16.35438623132118,18.856583612967007,-36.23632133621683,-37.42666621914316,-35.04597645329051,0.989,0.9825243059167718,0.9954756940832282
240,15,16,1000,42,1.5,13.35882108165347,9.218830587968112,P1 k=4,P1,k=4,,4.0,0.64925,15.965,15.854150008035806,16.075849991964194,13.389891499100482,12.626759878357593,14.153023119843372,23.077522750982673,21.55709240735801,24.597953094607337,47.88513247715133,46.104499529995635,49.665765424307025,0.986,0.9787055204498815,0.9932944795501185,3.219,3.168674579752134,3.2693254202478657,7.824993172364261,7.396641131767192,8.25334521296133,15.414811607057237,14.373912540348076,16.455710673766397,-27.6013622971605,-28.61601924364444,-26.586705350676556,0.986,0.9787055204498815,0.9932944795501185
240,15,16,1000,42,1.5,13.35882108165347,9.218830587968112,P1 k=6,P1,k=6,,2.0,0.639,14.355,14.251613266774852,14.458386733225149,10.024354917348118,9.37288429336754,10.675825541328697,12.284690171261728,11.137595448316615,13.43178489420684,58.24431453707551,56.35401971126201,60.13460936288901,0.869,0.8480522504995641,0.8899477495004359,1.609,1.574425490847936,1.643574509152064,4.459456590611896,4.162385434943746,4.756527746280045,4.621979027336292,4.057977800349171,5.185980254323413,-17.242180237236315,-18.024971420782858,-16.459389053689772,0.869,0.8480522504995641,0.8899477495004359
240,15,16,1000,42,1.5,13.35882108165347,9.218830587968112,P2 0.3,P2,0.3,0.3,4.36,0.5068807339449541,16.253,16.128999520653974,16.377000479346027,14.459918042903457,13.590955062721369,15.328881023085545,22.118597586689532,20.483871202158337,23.753323971220727,42.97631372085049,41.17309374649286,44.77953369520812,0.916,0.898778173262164,0.933221826737836,3.507,3.4085994745526165,3.6054005254473838,8.895019716167237,8.308718542418335,9.48132088991614,14.455886442764095,13.238206161351664,15.673566724176526,-32.51018105346133,-33.83574220801584,-31.184619898906824,0.916,0.898778173262164,0.933221826737836
240,15,16,1000,42,1.5,13.35882108165347,9.218830587968112,P2 0.5,P2,0.5,0.5,0.073,0.1643835616438356,12.802,12.702841556856557,12.901158443143443,5.648375308178007,5.168057981555476,6.128692634800538,7.774010237074166,6.920984899883907,8.627035574264426,74.86817676417093,72.81044324019183,76.92591028815002,0.012,0.005239778419358747,0.018760221580641254,0.056,0.04172514036753519,0.07027485963246481,0.08347698144178411,0.034303900182636356,0.13265006270093188,0.11129909314873129,0.03884037808040644,0.18375780821705615,-0.6183180101408842,-0.8269240830702217,-0.40971193721154664,0.012,0.005239778419358747,0.018760221580641254
240,15,16,1000,42,1.5,13.35882108165347,9.218830587968112,P2 p50,P2,p50,0.21948470617947294,8.044,0.5489806066633516,19.168,19.028759312828235,19.307240687171763,25.156522019429858,23.955619923241322,26.357424115618393,42.59998054431635,40.30132564032284,44.89863544830987,23.949042194616844,22.562716111799613,25.335368277434075,0.992,0.986469140002103,0.997530859997897,6.422,6.301101422810913,6.542898577189087,19.591623692693634,18.63425941599221,20.548987969395057,34.93726940039091,32.95067319332322,36.9238656074586,-51.53745257969497,-53.17490229872623,-49.90000286066371,0.992,0.986469140002103,0.997530859997897
240,15,16,1000,42,1.5,13.35882108165347,9.218830587968112,P2 p70,P2,p70,0.2885575776980399,4.812,0.5103906899418121,16.615,16.49050648726598,16.73949351273402,15.573353558351762,14.665399604312238,16.481307512391286,24.03570823643368,22.321443673673024,25.74997279919434,39.85550184998823,38.104321076412475,41.606682623563984,0.938,0.9230276800309483,0.9529723199690516,3.869,3.7665709718633127,3.9714290281366877,10.008455231615542,9.378047341841159,10.638863121389926,16.372997092508246,15.068122314684782,17.67787187033171,-35.63099292432359,-37.01354627377868,-34.248439574868506,0.938,0.9230276800309483,0.9529723199690516
240,15,16,1000,42,1.5,13.35882108165347,9.218830587968112,P2 p80,P2,p80,0.3340341223163466,3.177,0.48914069877242683,15.298,15.178976672272762,15.417023327727238,11.613452462538804,10.858292454630073,12.368612470447536,17.033793339289932,15.642418995445894,18.42516768313397,50.7470292047429,48.860599401383524,52.63345900810228,0.807,0.7824976771676915,0.8315023228323086,2.552,2.4614038264815195,2.6425961735184806,6.04855413580258,5.584583010920638,6.512525260684522,9.371082195364496,8.418167241442875,10.323997149286116,-24.739465569568917,-25.93523599499395,-23.543695144143886,0.807,0.7824976771676915,0.8315023228323086
240,15,16,1000,42,1.5,13.35882108165347,9.218830587968112,P2 p90,P2,p90,0.3796618065570787,1.521,0.4523339907955293,13.986,13.876619732782878,14.095380267217124,8.191937147415706,7.584308711754948,8.799565583076463,11.380321572728187,10.3168977499637,12.443745395492675,62.705977290131834,60.70341926065665,64.70853531960702,0.509,0.4779621612148578,0.5400378387851422,1.24,1.1736408318895457,1.3063591681104543,2.6270388206794832,2.3492713874469455,2.904806253912021,3.717610428802754,3.193699815367214,4.241521042238293,-12.780517484179988,-13.660629143020003,-11.900405825339973,0.509,0.4779621612148578,0.5400378387851422
240,15,16,1000,42,1.5,13.35882108165347,9.218830587968112,P2 p95,P2,p95,0.4091214585141591,0.71,0.4253521126760563,13.334,13.228263707550893,13.439736292449107,6.735191063178664,6.199677681898963,7.270704444458364,9.420893141356764,8.48893635380144,10.352849928912088,69.49485257201269,67.44888669168877,71.54081845233661,0.262,0.23469949614816163,0.2893005038518384,0.588,0.541528670873494,0.634471329126506,1.1702927364424405,0.9851275344952972,1.3554579383895837,1.7581819974313295,1.4041067980041497,2.112257196858509,-5.9916422022991345,-6.591138078297842,-5.392146326300427,0.262,0.23469949614816163,0.2893005038518384
