session_minutes,slot_minutes,n_slots,n_reps,base_seed,scheme,setting,selector,double_slots_mean,share_double_slots_both_attend,patients_served,patients_served_lo,patients_served_hi,mean_wait_min,mean_wait_min_lo,mean_wait_min_hi,overtime_min,overtime_min_lo,overtime_min_hi,idle_min,idle_min_lo,idle_min_hi,share_sessions_both_attend,share_sessions_both_attend_lo,share_sessions_both_attend_hi,patients_served_vs_p0,patients_served_vs_p0_lo,patients_served_vs_p0_hi,mean_wait_min_vs_p0,mean_wait_min_vs_p0_lo,mean_wait_min_vs_p0_hi,overtime_min_vs_p0,overtime_min_vs_p0_lo,overtime_min_vs_p0_hi,idle_min_vs_p0,idle_min_vs_p0_lo,idle_min_vs_p0_hi,share_sessions_both_attend_vs_p0,share_sessions_both_attend_vs_p0_lo,share_sessions_both_attend_vs_p0_hi,patients_served_vs_random,patients_served_vs_random_lo,patients_served_vs_random_hi,mean_wait_min_vs_random,mean_wait_min_vs_random_lo,mean_wait_min_vs_random_hi,overtime_min_vs_random,overtime_min_vs_random_lo,overtime_min_vs_random_hi,idle_min_vs_random,idle_min_vs_random_lo,idle_min_vs_random_hi,share_sessions_both_attend_vs_random,share_sessions_both_attend_vs_random_lo,share_sessions_both_attend_vs_random_hi,patients_served_vs_uniform,patients_served_vs_uniform_lo,patients_served_vs_uniform_hi,mean_wait_min_vs_uniform,mean_wait_min_vs_uniform_lo,mean_wait_min_vs_uniform_hi,overtime_min_vs_uniform,overtime_min_vs_uniform_lo,overtime_min_vs_uniform_hi,idle_min_vs_uniform,idle_min_vs_uniform_lo,idle_min_vs_uniform_hi,share_sessions_both_attend_vs_uniform,share_sessions_both_attend_vs_uniform_lo,share_sessions_both_attend_vs_uniform_hi,served_gain_per_double_slot
240,15,16,1000,42,matched_to_p1,k=2,p1_uniform_k,8.0,0.638375,19.16,19.035698215782805,19.284301784217195,21.378461726089782,20.53977550691778,22.217147945261782,37.33032131650105,35.64355318348103,39.017089449521066,19.671440800628666,18.567450642740503,20.77543095851683,1.0,1.0,1.0,6.414,6.342544630903863,6.485455369096137,18.480519797851876,17.76457078756771,19.196468808136043,33.67489506063087,32.12112516589735,35.22866495536439,-52.469888543741035,-53.789369739259136,-51.150407348222934,1.0,1.0,1.0,0.0,0.0,0.0,-1.5176058520494904,-1.8184280595877684,-1.2167836445112123,0.8937735342592408,0.46934913076026435,1.3181979377582171,0.8937735342592421,0.4693491307602655,1.3181979377582187,0.0,0.0,0.0,0.0,0.0,0.0,0.0,0.0,0.0,0.0,0.0,0.0,0.0,0.0,0.0,0.0,0.0,0.0,0.80175
240,15,16,1000,42,matched_to_p1,k=2,risk_top_m,8.0,0.556125,19.16,19.035698215782805,19.284301784217195,21.514437604547023,20.65320108353857,22.375674125555477,35.807408594087505,34.12394638016903,37.49087080800598,18.148528078215126,17.02527441845089,19.27178173797936,0.999,0.9970376585388665,1.0009623414611335,6.414,6.342544630903863,6.485455369096137,18.616495676309118,17.869402887362796,19.36358846525544,32.15198233821732,30.590857040603016,33.713107635831626,-53.99280126615458,-55.32815076732957,-52.65745176497959,0.999,0.9970376585388665,1.0009623414611335,0.0,0.0,0.0,-1.38162997359225,-1.7839311241643403,-0.9793288230201596,-0.629139188154299,-1.192813337439186,-0.0654650388694119,-0.6291391881542999,-1.192813337439187,-0.0654650388694128,-0.001,-0.00296234146113345,0.0009623414611334498,0.0,0.0,0.0,0.1359758784572405,-0.19499043010059872,0.4669421870150797,-1.5229127224135397,-1.9936746040654585,-1.052150840761621,-1.5229127224135424,-1.9936746040654612,-1.0521508407616236,-0.001,-0.00296234146113345,0.0009623414611334498,0.80175
240,15,16,1000,42,matched_to_p1,k=2,random,8.0,0.641375,19.16,19.035698215782805,19.284301784217195,22.89606757813927,22.033867762738545,23.758267393539995,36.4365477822418,34.729236076333216,38.14385948815039,18.777667266369427,17.63539196672765,19.919942566011205,1.0,1.0,1.0,6.414,6.342544630903863,6.485455369096137,19.998125649901368,19.250504018394803,20.745747281407933,32.781121526371614,31.19986520680965,34.36237784593357,-53.36366207800028,-54.72474959277794,-52.00257456322262,1.0,1.0,1.0,0.0,0.0,0.0,0.0,0.0,0.0,0.0,0.0,0.0,0.0,0.0,0.0,0.0,0.0,0.0,0.0,0.0,0.0,1.5176058520494904,1.2167836445112123,1.8184280595877684,-0.8937735342592408,-1.3181979377582171,-0.46934913076026435,-0.8937735342592421,-1.3181979377582187,-0.4693491307602655,0.0,0.0,0.0,0.80175
240,15,16,1000,42,matched_to_p1,k=2,oracle,8.0,0.47925,19.16,19.035698215782805,19.284301784217195,20.414797726152756,19.539241264356892,21.29035418794862,34.53699834774315,32.85381732941542,36.22017936607088,16.87811783187077,15.799353053620154,17.956882610121387,0.987,0.9799673000560324,0.9940326999439676,6.414,6.342544630903863,6.485455369096137,17.516855797914854,16.75399745471547,18.279714141114237,30.881572091872968,29.317896466478427,32.44524771726751,-55.263211512498934,-56.61867580556014,-53.90774721943773,0.987,0.9799673000560324,0.9940326999439676,0.0,0.0,0.0,-2.4812698519865135,-2.879865279540704,-2.082674424432323,-1.8995494344986523,-2.4576744870977567,-1.3414243818995482,-1.8995494344986514,-2.457674487097756,-1.3414243818995473,-0.013,-0.020032699943967572,-0.005967300056032428,0.0,0.0,0.0,-0.9636639999370233,-1.2940497776818165,-0.6332782221922302,-2.7933229687578933,-3.2482197891687106,-2.338426148347076,-2.7933229687578933,-3.2482197891687106,-2.338426148347076,-0.013,-0.020032699943967572,-0.005967300056032428,0.80175
240,15,16,1000,42,matched_to_p1,k=3,p1_uniform_k,5.0,0.6376,16.763,16.648775219886286,16.877224780113718,13.135679235072967,12.527382557102191,13.743975913043743,18.987806264929805,17.787396574727946,20.188215955131664,33.64599004103872,32.225406949440426,35.06657313263702,0.989,0.9825243059167718,0.9954756940832282,4.017,3.9606177076145848,4.073382292385416,10.237737306835061,9.767105096844338,10.708369516825785,15.332380009059621,14.309353163863557,16.355406854255683,-38.49533930333099,-39.53114959695949,-37.459529009702486,0.989,0.9825243059167718,0.9954756940832282,0.0,0.0,0.0,-0.4821632857434971,-0.7712712021697721,-0.19305536931722217,0.25826044238264173,-0.1955952613720126,0.712116146137296,0.25826044238264373,-0.1955952613720106,0.712116146137298,-0.002,-0.009345033868380348,0.005345033868380348,0.0,0.0,0.0,0.0,0.0,0.0,0.0,0.0,0.0,0.0,0.0,0.0,0.0,0.0,0.0,0.8034000000000001
240,15,16,1000,42,matched_to_p1,k=3,risk_top_m,5.0,0.522,16.763,16.648775219886286,16.877224780113718,12.55786858822866,11.947729755670487,13.168007420786832,18.43608082345039,17.243008090926285,19.629153555974494,33.094264599559295,31.610474555611205,34.578054643507386,0.98,0.9713079969215865,0.9886920030784134,4.017,3.9606177076145848,4.073382292385416,9.659926659990756,9.169877323536689,10.149975996444823,14.780654567580205,13.757420290765328,15.803888844395082,-39.047064744810406,-40.09093331471807,-38.00319617490274,0.98,0.9713079969215865,0.9886920030784134,0.0,0.0,0.0,-1.0599739325878035,-1.4081558799063598,-0.7117919852692471,-0.29346499909677576,-0.8956902023824878,0.3087602041889363,-0.29346499909677526,-0.8956902023824873,0.3087602041889368,-0.011,-0.02039096787580181,-0.001609032124198188,0.0,0.0,0.0,-0.5778106468443064,-0.8634430432346185,-0.2921782504539942,-0.5517254414794175,-1.0214799304767292,-0.08197095248210573,-0.5517254414794189,-1.0214799304767308,-0.08197095248210712,-0.009,-0.019558044093613336,0.0015580440936133373,0.8034000000000001
240,15,16,1000,42,matched_to_p1,k=3,random,5.0,0.6396,16.763,16.648775219886286,16.877224780113718,13.617842520816463,13.010174744928262,14.225510296704664,18.729545822547163,17.520836970155493,19.938254674938833,33.38772959865608,31.914013130383236,34.86144606692893,0.991,0.9851365946662335,0.9968634053337665,4.017,3.9606177076145848,4.073382292385416,10.719900592578561,10.231425955986586,11.208375229170537,15.07411956667698,14.038747400001709,16.109491733352254,-38.753599745713636,-39.82796192209327,-37.679237569334,0.991,0.9851365946662335,0.9968634053337665,0.0,0.0,0.0,0.0,0.0,0.0,0.0,0.0,0.0,0.0,0.0,0.0,0.0,0.0,0.0,0.0,0.0,0.0,0.4821632857434971,0.19305536931722217,0.7712712021697721,-0.25826044238264173,-0.712116146137296,0.1955952613720126,-0.25826044238264373,-0.712116146137298,0.1955952613720106,0.002,-0.005345033868380348,0.009345033868380348,0.8034000000000001
240,15,16,1000,42,matched_to_p1,k=3,oracle,5.0,0.2998,16.763,16.648775219886286,16.877224780113718,10.364507357595537,9.755555100925564,10.97345961426551,15.805053825814621,14.679634462595391,16.93047318903385,30.463237601923534,29.018223080358997,31.908252123488072,0.734,0.7065665337893103,0.7614334662106896,4.017,3.9606177076145848,4.073382292385416,7.466565429357633,6.9804870507000585,7.952643808015208,12.149627569944437,11.190081293696574,13.1091738461923,-41.67809174244616,-42.73765720466096,-40.618526280231364,0.734,0.7065665337893103,0.7614334662106896,0.0,0.0,0.0,-3.253335163220926,-3.5946928131491056,-2.9119775132927463,-2.9244919967325425,-3.5040194458755933,-2.3449645475894916,-2.9244919967325425,-3.504019445875593,-2.344964547589492,-0.257,-0.2848315197411382,-0.22916848025886186,0.0,0.0,0.0,-2.771171877477429,-3.0507731570878502,-2.491570597867008,-3.1827524391151836,-3.6502910863451437,-2.7152137918852235,-3.1827524391151854,-3.6502910863451454,-2.7152137918852253,-0.255,-0.2823441681513226,-0.22765583184867735,0.8034000000000001
240,15,16,1000,42,matched_to_p1,k=4,p1_uniform_k,4.0,0.64925,15.965,15.854150008035806,16.075849991964194,9.924551227535725,9.445292159594775,10.403810295476674,17.256799153931517,16.23902782891812,18.274570478944916,42.70177953320007,41.15501849194294,44.248540574457195,0.986,0.9787055204498815,0.9932944795501185,3.219,3.168674579752134,3.2693254202478657,7.026609299297822,6.693096016236034,7.36012258235961,13.601372898061333,12.784574094431658,14.418171701691008,-29.439549811169638,-30.31293453154072,-28.566165090798556,0.986,0.9787055204498815,0.9932944795501185,0.0,0.0,0.0,-1.055999023062747,-1.3261200677257303,-0.7858779783997637,2.9955389489317987,2.554320494072795,3.4367574037908026,2.995538948931799,2.5543204940727953,3.436757403790803,0.01,-0.0007356273965283266,0.020735627396528327,0.0,0.0,0.0,0.0,0.0,0.0,0.0,0.0,0.0,0.0,0.0,0.0,0.0,0.0,0.0,0.80475
240,15,16,1000,42,matched_to_p1,k=4,risk_top_m,4.0,0.50475,15.965,15.854150008035806,16.075849991964194,10.072346999507516,9.550370000004154,10.594323999010879,13.836301031413132,12.81477758235085,14.857824480475415,39.28128141068168,37.71950148701955,40.84306133434381,0.945,0.9308456775588567,0.9591543224411432,3.219,3.168674579752134,3.2693254202478657,7.174405071269612,6.774997572763881,7.573812569775343,10.180874775542948,9.34538612132462,11.016363429761277,-32.86004793368802,-33.804009013296586,-31.916086854079463,0.945,0.9308456775588567,0.9591543224411432,0.0,0.0,0.0,-0.9082032510909567,-1.2267336168525005,-0.5896728853294129,-0.4249591735865872,-0.9784956967788337,0.12857734960565936,-0.4249591735865878,-0.9784956967788345,0.12857734960565886,-0.031,-0.046954826283091236,-0.015045173716908767,0.0,0.0,0.0,0.1477957719717902,-0.11114799399646394,0.40673953794004436,-3.4204981225183864,-3.8747520356564227,-2.96624420938035,-3.420498122518387,-3.874752035656423,-2.9662442093803505,-0.041,-0.05612128665174161,-0.02587871334825839,0.80475
240,15,16,1000,42,matched_to_p1,k=4,random,4.0,0.6315,15.965,15.854150008035806,16.075849991964194,10.980550250598473,10.45434782589136,11.506752675305586,14.26126020499972,13.22597052176986,15.296549888229581,39.70624058426827,38.14874061992808,41.26374054860847,0.976,0.9664978394189584,0.9855021605810416,3.219,3.168674579752134,3.2693254202478657,8.082608322360567,7.679771061050488,8.485445583670646,10.605833949129535,9.757669228815935,11.453998669443134,-32.43508876010144,-33.38799276572017,-31.482184754482716,0.976,0.9664978394189584,0.9855021605810416,0.0,0.0,0.0,0.0,0.0,0.0,0.0,0.0,0.0,0.0,0.0,0.0,0.0,0.0,0.0,0.0,0.0,0.0,1.055999023062747,0.7858779783997637,1.3261200677257303,-2.9955389489317987,-3.4367574037908026,-2.554320494072795,-2.995538948931799,-3.436757403790803,-2.5543204940727953,-0.01,-0.020735627396528327,0.0007356273965283266,0.80475
240,15,16,1000,42,matched_to_p1,k=4,oracle,4.0,0.214,15.965,15.854150008035806,16.075849991964194,7.744347400871579,7.233037886830393,8.255656914912766,11.52181279601837,10.57278924423657,12.47083634780017,36.96679317528691,35.41872878637973,38.51485756419409,0.512,0.48096607349661336,0.5430339265033867,3.219,3.168674579752134,3.2693254202478657,4.846405472633675,4.461750274279926,5.231060670987424,7.866386540148186,7.1003505381064125,8.632422542189959,-35.174536169082785,-36.11922835187097,-34.2298439862946,0.512,0.48096607349661336,0.5430339265033867,0.0,0.0,0.0,-3.236202849726893,-3.549987243468747,-2.9224184559850386,-2.7394474089813485,-3.2750297965351405,-2.2038650214275566,-2.7394474089813494,-3.2750297965351414,-2.2038650214275575,-0.464,-0.49508654576809286,-0.4329134542319072,0.0,0.0,0.0,-2.1802038266641466,-2.442309530671276,-1.9180981226570168,-5.734986357913147,-6.203768835133384,-5.266203880692911,-5.734986357913149,-6.203768835133386,-5.266203880692912,-0.474,-0.5050008697693545,-0.4429991302306454,0.80475
240,15,16,1000,42,matched_to_p1,k=6,p1_uniform_k,2.0,0.639,14.355,14.251613266774852,14.458386733225149,6.879582417517265,6.4982200847597875,7.260944750274743,6.892900388524005,6.21389072005114,7.57191005699687,53.60546725528227,51.96191463719704,55.2490198733675,0.869,0.8480522504995641,0.8899477495004359,1.609,1.574425490847936,1.643574509152064,3.981640489279361,3.752420563861953,4.210860414696769,3.2374741326538214,2.81069343988351,3.6642548254241327,-18.535862089087434,-19.2029059532537,-17.868818224921167,0.869,0.8480522504995641,0.8899477495004359,0.0,0.0,0.0,0.1637325859532997,-0.038122863718122874,0.3655880356247223,-0.8555035211413118,-1.1920392816413647,-0.5189677606412588,-0.8555035211413119,-1.1920392816413647,-0.518967760641259,0.002,-0.0215595531974362,0.025559553197436205,0.0,0.0,0.0,0.0,0.0,0.0,0.0,0.0,0.0,0.0,0.0,0.0,0.0,0.0,0.0,0.8045
240,15,16,1000,42,matched_to_p1,k=6,risk_top_m,2.0,0.474,14.355,14.251613266774852,14.458386733225149,6.072270294018254,5.705027830736873,6.439512757299634,7.455981061362172,6.787925697709563,8.124036425014781,54.16854792812044,52.49042503342806,55.84667082281282,0.725,0.6972778323251777,0.7527221676748223,1.609,1.574425490847936,1.643574509152064,3.174328365780351,2.9448174736384978,3.403839257922204,3.800554805491988,3.3693166885666024,4.231792922417374,-17.97278141624927,-18.63985261321359,-17.305710219284947,0.725,0.6972778323251777,0.7527221676748223,0.0,0.0,0.0,-0.6435795375457106,-0.8618337281409107,-0.4253253469505105,-0.2924228483031455,-0.695852754055775,0.11100705744948391,-0.29242284830314674,-0.6958527540557761,0.11100705744948258,-0.142,-0.17202254624552882,-0.11197745375447114,0.0,0.0,0.0,-0.8073121234990104,-0.9991188618595248,-0.615505385138496,0.5630806728381663,0.23778724600493545,0.8883740996713971,0.5630806728381651,0.23778724600493434,0.8883740996713958,-0.144,-0.173467122705958,-0.11453287729404198,0.8045
240,15,16,1000,42,matched_to_p1,k=6,random,2.0,0.6405,14.355,14.251613266774852,14.458386733225149,6.715849831563966,6.347806031133064,7.083893631994867,7.748403909665318,7.049887336207474,8.446920483123161,54.460970776423586,52.78828232502988,56.13365922781729,0.867,0.8459172526167972,0.8880827473832028,1.609,1.574425490847936,1.643574509152064,3.8179079033260614,3.58629038630908,4.049525420343043,4.092977653795133,3.6238006751566374,4.562154632433629,-17.680358567946126,-18.351740287139126,-17.008976848753125,0.867,0.8459172526167972,0.8880827473832028,0.0,0.0,0.0,0.0,0.0,0.0,0.0,0.0,0.0,0.0,0.0,0.0,0.0,0.0,0.0,0.0,0.0,0.0,-0.1637325859532997,-0.3655880356247223,0.038122863718122874,0.8555035211413118,0.5189677606412588,1.1920392816413647,0.8555035211413119,0.518967760641259,1.1920392816413647,-0.002,-0.025559553197436205,0.0215595531974362,0.8045
240,15,16,1000,42,matched_to_p1,k=6,oracle,2.0,0.0645,14.355,14.251613266774852,14.458386733225149,4.338568281969827,4.016549760814821,4.660586803124832,5.873337744097124,5.283089167450988,6.46358632074326,52.58590461085539,50.89432004555975,54.27748917615102,0.115,0.09519328779239955,0.13480671220760046,1.609,1.574425490847936,1.643574509152064,1.4406263537319233,1.2606688185298525,1.620583888933994,2.2179114882269393,1.875008436085228,2.560814540368651,-19.555424733514315,-20.224693431131836,-18.886156035896793,0.115,0.09519328779239955,0.13480671220760046,0.0,0.0,0.0,-2.3772815495941377,-2.5702032649190336,-2.184359834269242,-1.8750661655681944,-2.2796141768108797,-1.4705181543255088,-1.875066165568195,-2.2796141768108806,-1.4705181543255097,-0.752,-0.7789552215114512,-0.7250447784885488,0.0,0.0,0.0,-2.541014135547438,-2.7374801359864374,-2.3445481351084383,-1.0195626444268826,-1.3419334650868693,-0.6971918237668959,-1.0195626444268828,-1.3419334650868695,-0.6971918237668961,-0.754,-0.7808827653417368,-0.7271172346582632,0.8045
240,15,16,1000,42,matched_to_p2,0.3,p2_risk_threshold,4.36,0.5068807339449541,16.253,16.128999520653974,16.377000479346027,11.037955221479079,10.435338298090928,11.64057214486723,16.107014034033185,14.942354340935633,17.271673727130736,37.642405439608034,36.07180233619362,39.21300854302245,0.916,0.898778173262164,0.933221826737836,3.507,3.4085994745526165,3.6054005254473838,8.140013293241175,7.649615876716608,8.630410709765743,12.451587778163,11.442016061671744,13.461159494654257,-34.49892390476168,-35.725926911267344,-33.27192089825602,0.916,0.898778173262164,0.933221826737836,0.0,0.0,0.0,-1.0206064104374224,-1.3344716685935734,-0.7067411522812714,-0.21168666250134516,-0.7452805082134573,0.32190718321076695,-0.21168666250134646,-0.7452805082134586,0.3219071832107656,-0.048,-0.0650815902993376,-0.030918409700662394,0.0,0.0,0.0,-0.411848363086418,-0.6784895713922958,-0.1452071547805402,0.16014305053532268,-0.26942227165907334,0.5897083727297188,0.1601430505353214,-0.26942227165907456,0.5897083727297174,-0.055,-0.07165645870953644,-0.03834354129046356,0.8043577981651375
240,15,16,1000,42,matched_to_p2,0.3,random,4.36,0.6327981651376147,16.253,16.128999520653974,16.377000479346027,12.058561631916499,11.451443299186916,12.665679964646081,16.318700696534528,15.145717877491391,17.491683515577662,37.854092102109384,36.283690021007494,39.42449418321127,0.964,0.9524340422071668,0.9755659577928332,3.507,3.4085994745526165,3.6054005254473838,9.160619703678597,8.660764748998295,9.660474658358899,12.663274440664345,11.648766384355426,13.677782496973265,-34.287237242260325,-35.54054034644535,-33.0339341380753,0.964,0.9524340422071668,0.9755659577928332,0.0,0.0,0.0,0.0,0.0,0.0,0.0,0.0,0.0,0.0,0.0,0.0,0.0,0.0,0.0,0.0,0.0,0.0,0.6087580473510045,0.3406927423696612,0.8768233523323478,0.37182971303666784,-0.04373517172755542,0.7873945978008912,0.37182971303666784,-0.04373517172755542,0.7873945978008912,-0.007,-0.018270057591439858,0.004270057591439859,0.8043577981651375
240,15,16,1000,42,matched_to_p2,0.3,uniform,4.36,0.6323394495412844,16.253,16.128999520653974,16.377000479346027,11.449803584565496,10.865413245596704,12.034193923534287,15.94687098349786,14.802185457352216,17.091556509643503,37.48226238907271,35.93196044032506,39.03256433782036,0.971,0.9605816138625194,0.9814183861374806,3.507,3.4085994745526165,3.6054005254473838,8.551861656327594,8.092095337774943,9.011627974880245,12.291444727627677,11.323031074371814,13.259858380883541,-34.659066955297,-35.88282707227579,-33.43530683831821,0.971,0.9605816138625194,0.9814183861374806,0.0,0.0,0.0,-0.6087580473510045,-0.8768233523323478,-0.3406927423696612,-0.37182971303666784,-0.7873945978008912,0.04373517172755542,-0.37182971303666784,-0.7873945978008912,0.04373517172755542,0.007,-0.004270057591439859,0.018270057591439858,0.0,0.0,0.0,0.0,0.0,0.0,0.0,0.0,0.0,0.0,0.0,0.0,0.0,0.0,0.0,0.8043577981651375
240,15,16,1000,42,matched_to_p2,0.3,oracle,4.36,0.268348623853211,16.253,16.128999520653974,16.377000479346027,8.966105528786978,8.370319393963458,9.561891663610497,13.867790909055131,12.76128609017861,14.974295727931652,35.40318231462999,33.85298197444058,36.95338265481939,0.567,0.5362370971901403,0.5977629028098596,3.507,3.4085994745526165,3.6054005254473838,6.068163600549073,5.583595645902996,6.55273155519515,10.212364653184947,9.256854965383953,11.167874340985941,-36.73814702973972,-37.983313191886246,-35.4929808675932,0.567,0.5362370971901403,0.5977629028098596,0.0,0.0,0.0,-3.0924561031295243,-3.4001577225142428,-2.784754483744806,-2.4509097874793975,-2.988879333012191,-1.912940241946604,-2.450909787479399,-2.988879333012192,-1.9129402419466055,-0.397,-0.4277553837994426,-0.3662446162005574,0.0,0.0,0.0,-2.4836980557785195,-2.737795826317401,-2.229600285239638,-2.07908007444273,-2.5075631541666428,-1.6505969947188173,-2.0790800744427305,-2.507563154166643,-1.6505969947188177,-0.404,-0.43446531326601306,-0.373534686733987,0.8043577981651375
240,15,16,1000,42,matched_to_p2,0.5,p2_risk_threshold,0.073,0.1643835616438356,12.802,12.702841556856557,12.901158443143443,2.9606539434513133,2.734785286311101,3.1865226005915255,3.723716107525733,3.292500315504138,4.154931899547328,71.47231810587974,69.7102131385574,73.23442307320207,0.012,0.005239778419358747,0.018760221580641254,0.056,0.04172514036753519,0.07027485963246481,0.06271201521340954,0.03010938572395947,0.09531464470285961,0.06828985165554832,0.022255407205306568,0.11432429610579008,-0.6690112384899777,-0.8631688419379955,-0.4748536350419599,0.012,0.005239778419358747,0.018760221580641254,0.0,0.0,0.0,-0.06214444890765716,-0.10169413316699402,-0.022594764648320297,-0.010038412257765543,-0.07771357064029748,0.057636746124766394,-0.010038412257765429,-0.0777135706402974,0.05763674612476653,-0.031,-0.04245460802315783,-0.01954539197684217,0.0,0.0,0.0,-0.08046311959288313,-0.1243647823112881,-0.03656145687447816,0.015960938463166315,-0.03037368925515561,0.06229556618148824,0.015960938463166385,-0.030373689255155555,0.06229556618148832,-0.033,-0.044765369884309555,-0.021234630115690448,0.767123287671233
240,15,16,1000,42,matched_to_p2,0.5,random,0.073,0.589041095890411,12.802,12.702841556856557,12.901158443143443,3.022798392358971,2.7906266435753153,3.2549701411426266,3.733754519783498,3.29977581395525,4.167733225611745,71.48235651813751,69.72149745482588,73.24321558144914,0.043,0.03040546805022217,0.05559453194977782,0.056,0.04172514036753519,0.07027485963246481,0.12485646412106671,0.07787355465594747,0.17183937358618595,0.07832826391331386,0.021095267062165163,0.13556126076446257,-0.6589728262322123,-0.8501170952782675,-0.4678285571861571,0.043,0.03040546805022217,0.05559453194977782,0.0,0.0,0.0,0.0,0.0,0.0,0.0,0.0,0.0,0.0,0.0,0.0,0.0,0.0,0.0,0.0,0.0,0.0,-0.018318670685225975,-0.05806180554065127,0.021424464170199317,0.025999350720931857,-0.03208651951257345,0.08408522095443717,0.025999350720931815,-0.03208651951257349,0.08408522095443711,-0.002,-0.010328750033623458,0.0063287500336234575,0.767123287671233
240,15,16,1000,42,matched_to_p2,0.5,uniform,0.073,0.6164383561643836,12.802,12.702841556856557,12.901158443143443,3.0411170630441964,2.8090886230671654,3.2731455030212273,3.707755169062566,3.2739373676684447,4.141572970456687,71.45635716741657,69.69674206305781,73.21597227177533,0.045,0.032129370802899265,0.05787062919710073,0.056,0.04172514036753519,0.07027485963246481,0.14317513480629268,0.09164387184858648,0.1947063977639989,0.052328913192382004,0.01057822176793808,0.09407960461682593,-0.684972176953144,-0.8824682093448964,-0.48747614456139166,0.045,0.032129370802899265,0.05787062919710073,0.0,0.0,0.0,0.018318670685225975,-0.021424464170199317,0.05806180554065127,-0.025999350720931857,-0.08408522095443717,0.03208651951257345,-0.025999350720931815,-0.08408522095443711,0.03208651951257349,0.002,-0.0063287500336234575,0.010328750033623458,0.0,0.0,0.0,0.0,0.0,0.0,0.0,0.0,0.0,0.0,0.0,0.0,0.0,0.0,0.0,0.767123287671233
240,15,16,1000,42,matched_to_p2,0.5,oracle,0.073,0.0,12.802,12.702841556856557,12.901158443143443,2.9347199359318346,2.709721271696345,3.159718600167324,3.6926676147133253,3.261901969059306,4.123433260367344,71.44126961306733,69.68007918090137,73.2024600452333,0.0,0.0,0.0,0.056,0.04172514036753519,0.07027485963246481,0.0367780076939308,0.013007239891553491,0.06054877549630812,0.03724135884314094,0.007913989419164515,0.06656872826711736,-0.7000597313023852,-0.8985888007312981,-0.5015306618734723,0.0,0.0,0.0,0.0,0.0,0.0,-0.08807845642713591,-0.1289287433989604,-0.04722816945531141,-0.041086905070172916,-0.09854144765323,0.01636763751288417,-0.04108690507017285,-0.09854144765322997,0.016367637512884288,-0.043,-0.05559453194977782,-0.03040546805022217,0.0,0.0,0.0,-0.10639712711236189,-0.15003347525252878,-0.06276077897219501,-0.01508755434924106,-0.04465473834045653,0.014479629641974412,-0.015087554349241031,-0.04465473834045654,0.014479629641974474,-0.045,-0.05787062919710073,-0.032129370802899265,0.767123287671233
240,15,16,1000,42,matched_to_p2,p50,p2_risk_threshold,8.044,0.5489806066633516,19.168,19.028759312828235,19.307240687171763,21.697371696443504,20.7718616829264,22.62288170996061,36.35298251427605,34.527597478375384,38.178367550176716,18.556438426790795,17.409936782842287,19.702940070739302,0.992,0.986469140002103,0.997530859997897,6.422,6.301101422810913,6.542898577189087,18.7994297682056,17.97216497241548,19.626694563995716,32.69755625840587,30.98504036683125,34.410072149980486,-53.58489091757892,-55.07492949270587,-52.094852342451965,0.992,0.986469140002103,0.997530859997897,0.0,0.0,0.0,-1.3009544609167747,-1.6880782887072692,-0.9138306331262801,-0.7966957955786206,-1.3625355456499137,-0.2308560455073274,-0.7966957955786212,-1.3625355456499144,-0.2308560455073282,-0.005,-0.010185181248028499,0.00018518124802849745,0.0,0.0,0.0,-0.14763452584941394,-0.45611607598976717,0.16084702429093928,-0.20791332375751262,-0.6431020351827669,0.2272753876677416,-0.2079133237575143,-0.6431020351827685,0.22727538766773986,-0.007,-0.01217625281910928,-0.0018237471808907196,0.7983590253605171
240,15,16,1000,42,matched_to_p2,p50,random,8.044,0.634012928891099,19.168,19.028759312828235,19.307240687171763,22.998326157360278,22.077778902110296,23.91887341261026,37.14967830985467,35.31551878749086,38.983837832218484,19.353134222369416,18.163386592940967,20.542881851797866,0.997,0.993604528869456,1.000395471130544,6.422,6.301101422810913,6.542898577189087,20.100384229122376,19.28012183611604,20.92064662212871,33.49425205398448,31.774685173801934,35.21381893416703,-52.788195122000296,-54.28534440098302,-51.29104584301757,0.997,0.993604528869456,1.000395471130544,0.0,0.0,0.0,0.0,0.0,0.0,0.0,0.0,0.0,0.0,0.0,0.0,0.0,0.0,0.0,0.0,0.0,0.0,1.1533199350673609,0.8588282978521505,1.4478115722825713,0.588782471821108,0.15920086865874206,1.018364074983474,0.5887824718211069,0.15920086865874106,1.0183640749834728,-0.002,-0.00477378058664871,0.0007737805866487096,0.7983590253605171
240,15,16,1000,42,matched_to_p2,p50,uniform,8.044,0.6305320735952262,19.168,19.028759312828235,19.307240687171763,21.84500622229292,20.942141971419165,22.747870473166675,36.56089583803356,34.76097750284655,38.36081417322057,18.76435175054831,17.61969963199567,19.909003869100953,0.999,0.9970376585388665,1.0009623414611335,6.422,6.301101422810913,6.542898577189087,18.947064294055018,18.150662032165258,19.743466555944778,32.90546958216338,31.225177594204514,34.585761570122244,-53.376977593821394,-54.85326415163353,-51.900691036009256,0.999,0.9970376585388665,1.0009623414611335,0.0,0.0,0.0,-1.1533199350673609,-1.4478115722825713,-0.8588282978521505,-0.588782471821108,-1.018364074983474,-0.15920086865874206,-0.5887824718211069,-1.0183640749834728,-0.15920086865874106,0.002,-0.0007737805866487096,0.00477378058664871,0.0,0.0,0.0,0.0,0.0,0.0,0.0,0.0,0.0,0.0,0.0,0.0,0.0,0.0,0.0,0.7983590253605171
240,15,16,1000,42,matched_to_p2,p50,oracle,8.044,0.47737444057682743,19.168,19.028759312828235,19.307240687171763,20.678548230536396,19.734403924891414,21.62269253618138,35.17484517148182,33.35699840659797,36.992691936365674,17.378301083996565,16.266390999527026,18.490211168466104,0.965,0.9535898983194309,0.9764101016805691,6.422,6.301101422810913,6.542898577189087,17.780606302298494,16.935144056069014,18.626068548527975,31.519418915611634,29.811245373620423,33.227592457602846,-54.76302826037315,-56.25435754137795,-53.271698979368345,0.965,0.9535898983194309,0.9764101016805691,0.0,0.0,0.0,-2.319777926823883,-2.705955059380351,-1.9336007942674152,-1.9748331383728528,-2.5318976929400976,-1.417768583805608,-1.9748331383728526,-2.531897692940097,-1.417768583805608,-0.032,-0.04361119465765921,-0.02038880534234079,0.0,0.0,0.0,-1.1664579917565228,-1.475531713080343,-0.8573842704327027,-1.3860506665517447,-1.8116672679723431,-0.9604340651311463,-1.3860506665517456,-1.8116672679723438,-0.9604340651311474,-0.034,-0.045589263526058126,-0.02241073647394188,0.7983590253605171
240,15,16,1000,42,matched_to_p2,p70,p2_risk_threshold,4.812,0.5103906899418121,16.615,16.49050648726598,16.73949351273402,12.092007675711214,11.453599574976426,12.730415776446002,17.91696701934569,16.675372480046036,19.158561558645346,34.46011252824859,32.93957936010914,35.98064569638803,0.938,0.9230276800309483,0.9529723199690516,3.869,3.7665709718633127,3.9714290281366877,9.194065747473312,8.664555049135137,9.723576445811487,14.261540763475507,13.169040806649063,15.35404072030195,-37.681216816121115,-38.95476666090716,-36.40766697133507,0.938,0.9230276800309483,0.9529723199690516,0.0,0.0,0.0,-1.1322402417991624,-1.4576404957194442,-0.8068399878788807,-0.43761412296592506,-0.9947964426119723,0.1195681966801222,-0.4376141229659271,-0.9947964426119744,0.11956819668012014,-0.037,-0.05216100119591524,-0.021838998804084755,0.0,0.0,0.0,-0.5282508223456618,-0.8078755414106613,-0.2486261032806622,-0.14259067493755634,-0.5766760858328687,0.291494735957756,-0.14259067493755845,-0.5766760858328708,0.2914947359577538,-0.041,-0.05586418624434836,-0.026135813755651643,0.8040315876974231
240,15,16,1000,42,matched_to_p2,p70,random,4.812,0.6323773898586866,16.615,16.49050648726598,16.73949351273402,13.224247917510377,12.575246047583288,13.873249787437466,18.354581142311616,17.078897091398396,19.630265193224837,34.89772665121452,33.37600171998284,36.4194515824462,0.975,0.9653068675309349,0.9846931324690651,3.869,3.7665709718633127,3.9714290281366877,10.326305989272473,9.783364377751473,10.869247600793473,14.699154886441432,13.579500542262293,15.818809230620571,-37.24360269315519,-38.55101910522775,-35.93618628108263,0.975,0.9653068675309349,0.9846931324690651,0.0,0.0,0.0,0.0,0.0,0.0,0.0,0.0,0.0,0.0,0.0,0.0,0.0,0.0,0.0,0.0,0.0,0.0,0.6039894194535006,0.3285981060222347,0.8793807328847665,0.2950234480283688,-0.12983736164350856,0.7198842577002461,0.29502344802836866,-0.12983736164350868,0.719884257700246,-0.004,-0.014007943377570376,0.006007943377570376,0.8040315876974231
240,15,16,1000,42,matched_to_p2,p70,uniform,4.812,0.6307148794679966,16.615,16.49050648726598,16.73949351273402,12.620258498056875,11.988801007348034,13.251715988765717,18.05955769428325,16.812928386942875,19.306187001623623,34.60270320318616,33.10938255263869,36.09602385373363,0.979,0.970097892610214,0.987902107389786,3.869,3.7665709718633127,3.9714290281366877,9.722316569818974,9.211808377438883,10.232824762199064,14.404131438413067,13.327439774978652,15.480823101847482,-37.53862614118355,-38.80945418008666,-36.26779810228044,0.979,0.970097892610214,0.987902107389786,0.0,0.0,0.0,-0.6039894194535006,-0.8793807328847665,-0.3285981060222347,-0.2950234480283688,-0.7198842577002461,0.12983736164350856,-0.29502344802836866,-0.719884257700246,0.12983736164350868,0.004,-0.006007943377570376,0.014007943377570376,0.0,0.0,0.0,0.0,0.0,0.0,0.0,0.0,0.0,0.0,0.0,0.0,0.0,0.0,0.0,0.8040315876974231
240,15,16,1000,42,matched_to_p2,p70,oracle,4.812,0.29883624272651704,16.615,16.49050648726598,16.73949351273402,10.104160670986913,9.46198322546862,10.746338116505205,15.782947736319427,14.586780062982005,16.97911540965685,32.326093245222324,30.84422569184065,33.807960798604,0.645,0.6152911480431601,0.6747088519568399,3.869,3.7665709718633127,3.9714290281366877,7.206218742749008,6.673616589192384,7.738820896305632,12.127521480449243,11.078270314022252,13.176772646876234,-39.815236099147384,-41.10071215610034,-38.529760042194425,0.645,0.6152911480431601,0.6747088519568399,0.0,0.0,0.0,-3.120087246523465,-3.4398116368974594,-2.8003628561494707,-2.5716334059921917,-3.118250280146702,-2.0250165318376814,-2.571633405992194,-3.1182502801467042,-2.0250165318376836,-0.33,-0.35971696004682385,-0.3002830399531762,0.0,0.0,0.0,-2.5160978270699643,-2.783098374383041,-2.249097279756888,-2.276609957963823,-2.716722334425912,-1.8364975815017341,-2.276609957963825,-2.716722334425914,-1.836497581501736,-0.334,-0.36341344109205903,-0.304586558907941,0.8040315876974231
240,15,16,1000,42,matched_to_p2,p80,p2_risk_threshold,3.177,0.48914069877242683,15.298,15.178976672272762,15.417023327727238,8.364291258471596,7.8602895433355915,8.8682929736076,11.437478235553444,10.502859828911063,12.372096642195825,45.837377764983415,44.19078638484803,47.4839691451188,0.807,0.7824976771676915,0.8315023228323086,2.552,2.4614038264815195,2.6425961735184806,5.466349330233692,5.076569374783347,5.8561292856840375,7.782051979683259,7.009583632804311,8.554520326562207,-26.303951579386297,-27.424119069004,-25.183784089768594,0.807,0.7824976771676915,0.8315023228323086,0.0,0.0,0.0,-0.7709988271492114,-1.0444105936518262,-0.49758706064659664,0.05852623295068668,-0.41885344556937554,0.535905911470749,0.05852623295068682,-0.41885344556937537,0.535905911470749,-0.079,-0.10195988952416699,-0.05604011047583302,0.0,0.0,0.0,-0.455535364955168,-0.6738510169243377,-0.2372197129859983,0.25588747070998163,-0.1269730418310306,0.6387479832509939,0.255887470709981,-0.12697304183103109,0.6387479832509931,-0.095,-0.11721029898653977,-0.07278970101346023,0.8032735284859931
240,15,16,1000,42,matched_to_p2,p80,random,3.177,0.6219704123386843,15.298,15.178976672272762,15.417023327727238,9.135290085620808,8.623414725475342,9.647165445766273,11.378952002602757,10.416687134478385,12.341216870727129,45.778851532032725,44.138583112262054,47.419119951803395,0.886,0.8662684536318986,0.9057315463681014,2.552,2.4614038264815195,2.6425961735184806,6.237348157382904,5.836329235970233,6.638367078795575,7.723525746732573,6.93454076926112,8.512510724204025,-26.362477812336984,-27.515502511808993,-25.209453112864974,0.886,0.8662684536318986,0.9057315463681014,0.0,0.0,0.0,0.0,0.0,0.0,0.0,0.0,0.0,0.0,0.0,0.0,0.0,0.0,0.0,0.0,0.0,0.0,0.31546346219404336,0.0928411766693655,0.5380857477187212,0.19736123775929493,-0.17531905664308928,0.5700415321616792,0.19736123775929418,-0.17531905664309003,0.5700415321616784,-0.016,-0.033532378743470384,0.00153237874347038,0.8032735284859931
240,15,16,1000,42,matched_to_p2,p80,uniform,3.177,0.6282656594271325,15.298,15.178976672272762,15.417023327727238,8.819826623426763,8.328485942090733,9.311167304762794,11.181590764843461,10.253697238361772,12.10948429132515,45.581490294273436,43.96059054933704,47.20239003920983,0.902,0.8835410011649244,0.9204589988350756,2.552,2.4614038264815195,2.6425961735184806,5.92188469518886,5.556304999749402,6.287464390628317,7.526164508973277,6.777761075020519,8.274567942926037,-26.55983905009628,-27.67071163504985,-25.448966465142707,0.902,0.8835410011649244,0.9204589988350756,0.0,0.0,0.0,-0.31546346219404336,-0.5380857477187212,-0.0928411766693655,-0.19736123775929493,-0.5700415321616792,0.17531905664308928,-0.19736123775929418,-0.5700415321616784,0.17531905664309003,0.016,-0.00153237874347038,0.033532378743470384,0.0,0.0,0.0,0.0,0.0,0.0,0.0,0.0,0.0,0.0,0.0,0.0,0.0,0.0,0.0,0.8032735284859931
240,15,16,1000,42,matched_to_p2,p80,oracle,3.177,0.1816178785017312,15.298,15.178976672272762,15.417023327727238,6.342739642446829,5.872065860760142,6.813413424133516,9.308883675421326,8.443027900143605,10.174739450699047,43.70878320485129,42.04704225411958,45.37052415558299,0.322,0.2929908757244105,0.3510091242755895,2.552,2.4614038264815195,2.6425961735184806,3.4447977142089243,3.088366327334136,3.8012291010837127,5.65345741955114,4.948472816642401,6.358442022459879,-28.43254613951842,-29.590813360350044,-27.274278918686793,0.322,0.2929908757244105,0.3510091242755895,0.0,0.0,0.0,-2.7925504431739796,-3.055439098341335,-2.5296617880066243,-2.0700683271814313,-2.524183039084404,-1.6159536152784586,-2.0700683271814313,-2.524183039084404,-1.6159536152784586,-0.564,-0.5950369073342165,-0.5329630926657833,0.0,0.0,0.0,-2.477086980979936,-2.694691092930339,-2.2594828690295325,-1.8727070894221367,-2.253648986010382,-1.4917651928338913,-1.872707089422137,-2.2536489860103823,-1.4917651928338915,-0.58,-0.6107684782225024,-0.5492315217774976,0.8032735284859931
240,15,16,1000,42,matched_to_p2,p90,p2_risk_threshold,1.521,0.4523339907955293,13.986,13.876619732782878,14.095380267217124,5.201201609238682,4.847807328233369,5.554595890243995,6.553639538390546,5.93319335237315,7.1740857244079415,58.468508575022355,56.71965579784769,60.21736135219702,0.509,0.4779621612148578,0.5400378387851422,1.24,1.1736408318895457,1.3063591681104543,2.303259681000778,2.075529210581167,2.530990151420389,2.8982132825203606,2.487054945897804,3.309371619142917,-13.672820769347352,-14.512894519051471,-12.832747019643232,0.509,0.4779621612148578,0.5400378387851422,0.0,0.0,0.0,-0.6164290218796882,-0.8074288820808337,-0.42542916167854256,-0.3158414509740187,-0.6679450115750332,0.03626210962699572,-0.3158414509740189,-0.6679450115750334,0.03626210962699555,-0.138,-0.16624430201274232,-0.1097556979872577,0.0,0.0,0.0,-0.5716682605685502,-0.7342441040764514,-0.4090924170606491,0.1455123960322188,-0.14827290362030002,0.43929769568473764,0.1455123960322186,-0.1482729036203002,0.4392976956847374,-0.131,-0.159167977648677,-0.10283202235132304,0.8152531229454307
240,15,16,1000,42,matched_to_p2,p90,random,1.521,0.6370808678500987,13.986,13.876619732782878,14.095380267217124,5.817630631118369,5.446613207007863,6.188648055228876,6.869480989364564,6.21554159783316,7.523420380895968,58.784350025996375,57.04895450396514,60.51974554802761,0.647,0.6173290583967652,0.6766709416032348,1.24,1.1736408318895457,1.3063591681104543,2.9196887028804657,2.6667845594788684,3.172592846282063,3.2140547334943794,2.7665269512847903,3.6615825157039685,-13.356979318373334,-14.18646961660248,-12.527489020144188,0.647,0.6173290583967652,0.6766709416032348,0.0,0.0,0.0,0.0,0.0,0.0,0.0,0.0,0.0,0.0,0.0,0.0,0.0,0.0,0.0,0.0,0.0,0.0,0.04476076131113791,-0.12502532696299115,0.21454684958526696,0.4613538470062375,0.16235155716170546,0.7603561368507695,0.46135384700623744,0.16235155716170535,0.7603561368507695,0.007,-0.01680006311062704,0.030800063110627038,0.8152531229454307
240,15,16,1000,42,matched_to_p2,p90,uniform,1.521,0.643655489809336,13.986,13.876619732782878,14.095380267217124,5.772869869807232,5.41042579094151,6.1353139486729535,6.408127142358326,5.775687349264999,7.040566935451654,58.32299617899013,56.60314143832856,60.042850919651706,0.64,0.6101988465882967,0.6698011534117033,1.24,1.1736408318895457,1.3063591681104543,2.8749279415693283,2.6450449288045412,3.1048109543341154,2.752700886488142,2.3445874539781735,3.1608143189981104,-13.818333165379572,-14.64716183690318,-12.989504493855964,0.64,0.6101988465882967,0.6698011534117033,0.0,0.0,0.0,-0.04476076131113791,-0.21454684958526696,0.12502532696299115,-0.4613538470062375,-0.7603561368507695,-0.16235155716170546,-0.46135384700623744,-0.7603561368507695,-0.16235155716170535,-0.007,-0.030800063110627038,0.01680006311062704,0.0,0.0,0.0,0.0,0.0,0.0,0.0,0.0,0.0,0.0,0.0,0.0,0.0,0.0,0.0,0.8152531229454307
240,15,16,1000,42,matched_to_p2,p90,oracle,1.521,0.07692307692307693,13.986,13.876619732782878,14.095380267217124,4.004647311033728,3.6934884260362675,4.315806196031189,5.456496369251762,4.899139137793302,6.013853600710222,57.371365405883566,55.60575870123767,59.13697211052946,0.086,0.06859339158983183,0.10340660841016816,1.24,1.1736408318895457,1.3063591681104543,1.106705382795824,0.928446412106736,1.284964353484912,1.8010701133815774,1.4551721185692668,2.146968108193888,-14.769963938486137,-15.635962291609143,-13.903965585363132,0.086,0.06859339158983183,0.10340660841016816,0.0,0.0,0.0,-1.812983320084642,-2.0037064129895494,-1.6222602271797346,-1.412984620112802,-1.7515956828785948,-1.0743735573470092,-1.4129846201128025,-1.7515956828785955,-1.0743735573470095,-0.561,-0.5918109810257819,-0.5301890189742182,0.0,0.0,0.0,-1.7682225587735043,-1.9353829011869408,-1.6010622163600678,-0.9516307731065646,-1.2236477025889638,-0.6796138436241654,-0.9516307731065651,-1.2236477025889643,-0.6796138436241659,-0.554,-0.5848612951102724,-0.5231387048897277,0.8152531229454307
240,15,16,1000,42,matched_to_p2,p95,p2_risk_threshold,0.71,0.4253521126760563,13.334,13.228263707550893,13.439736292449107,3.8871690354885424,3.607157069021326,4.167181001955759,4.924351503495764,4.420957901392001,5.427745105599527,65.60994617342027,63.82857671909265,67.39131562774789,0.262,0.23469949614816163,0.2893005038518384,0.588,0.541528670873494,0.634471329126506,0.9892271072506382,0.8456633880714105,1.132790826429866,1.2689252476255795,1.0066181263776268,1.531232368873532,-6.531383170949451,-7.116948902961149,-5.945817438937753,0.262,0.23469949614816163,0.2893005038518384,0.0,0.0,0.0,-0.36158781834330456,-0.48860118997735397,-0.23457444670925515,-0.23332872188269518,-0.4968214596451055,0.030164015879715095,-0.23332872188269557,-0.4968214596451058,0.030164015879714706,-0.131,-0.15597660634017668,-0.10602339365982333,0.0,0.0,0.0,-0.3699691104753226,-0.4891613217553207,-0.25077689919532453,0.239984825004162,0.024566568370315928,0.455403081638008,0.23998482500416185,0.02456656837031579,0.4554030816380079,-0.108,-0.13347301418311083,-0.08252698581688916,0.828169014084507
240,15,16,1000,42,matched_to_p2,p95,random,0.71,0.671830985915493,13.334,13.228263707550893,13.439736292449107,4.248756853831846,3.959061309671987,4.538452397991706,5.157680225378459,4.613258192253104,5.702102258503814,65.84327489530295,64.0716718557918,67.6148779348141,0.393,0.3626762814896707,0.42332371851032935,0.588,0.541528670873494,0.634471329126506,1.3508149255939428,1.1914479295340272,1.5101819216538583,1.5022539695082746,1.2067034147518645,1.7978045242646847,-6.298054449066754,-6.869312154039036,-5.7267967440944725,0.393,0.3626762814896707,0.42332371851032935,0.0,0.0,0.0,0.0,0.0,0.0,0.0,0.0,0.0,0.0,0.0,0.0,0.0,0.0,0.0,0.0,0.0,0.0,-0.008381292132018096,-0.12751327615084984,0.11075069188681363,0.47331354688685723,0.25722309196426757,0.6894040018094469,0.47331354688685734,0.2572230919642676,0.689404001809447,0.023,0.0025521025807879495,0.04344789741921205,0.828169014084507
240,15,16,1000,42,matched_to_p2,p95,uniform,0.71,0.6422535211267606,13.334,13.228263707550893,13.439736292449107,4.257138145963864,3.965122806579894,4.549153485347834,4.684366678491602,4.175956692635957,5.192776664347248,65.3699613484161,63.598976064979226,67.14094663185297,0.37,0.34002473905001906,0.3999752609499809,0.588,0.541528670873494,0.634471329126506,1.3591962177259609,1.2054403004235887,1.512952135028333,1.0289404226214174,0.7882321142324064,1.2696487310104283,-6.771367995953612,-7.361959100914014,-6.18077689099321,0.37,0.34002473905001906,0.3999752609499809,0.0,0.0,0.0,0.008381292132018096,-0.11075069188681363,0.12751327615084984,-0.47331354688685723,-0.6894040018094469,-0.25722309196426757,-0.47331354688685734,-0.689404001809447,-0.2572230919642676,-0.023,-0.04344789741921205,-0.0025521025807879495,0.0,0.0,0.0,0.0,0.0,0.0,0.0,0.0,0.0,0.0,0.0,0.0,0.0,0.0,0.0,0.828169014084507
240,15,16,1000,42,matched_to_p2,p95,oracle,0.71,0.04084507042253521,13.334,13.228263707550893,13.439736292449107,3.3321041783032395,3.0723039414544915,3.5919044151519874,4.330872920161059,3.8598195170687872,4.80192632325333,65.01646759008555,63.22863166231882,66.80430351785229,0.027,0.016936938242222657,0.03706306175777734,0.588,0.541528670873494,0.634471329126506,0.434162250065336,0.32327753443939866,0.5450469656912733,0.6754466642908751,0.4749412795589679,0.8759520490227822,-7.124861754284155,-7.738264336520631,-6.5114591720476795,0.027,0.016936938242222657,0.03706306175777734,0.0,0.0,0.0,-0.9166526755286066,-1.0463667475989882,-0.786938603458225,-0.8268073052173994,-1.069341066317128,-0.5842735441176706,-0.8268073052173995,-1.0693410663171283,-0.5842735441176706,-0.366,-0.39590728624610383,-0.33609271375389616,0.0,0.0,0.0,-0.9250339676606248,-1.0521418954278012,-0.7979260398934485,-0.35349375833054225,-0.5271566755317576,-0.17983084112932696,-0.35349375833054225,-0.5271566755317575,-0.17983084112932698,-0.343,-0.3724728124570837,-0.31352718754291636,0.828169014084507
