session_minutes,slot_minutes,n_slots,n_reps,base_seed,scheme,setting,selector,wait_cost_per_hour,overtime_cost_per_hour,double_slots_mean,share_double_slots_both_attend,patients_served,patients_served_lo,patients_served_hi,mean_wait_min,mean_wait_min_lo,mean_wait_min_hi,overtime_min,overtime_min_lo,overtime_min_hi,idle_min,idle_min_lo,idle_min_hi,share_sessions_both_attend,share_sessions_both_attend_lo,share_sessions_both_attend_hi,patients_served_vs_p0,patients_served_vs_p0_lo,patients_served_vs_p0_hi,mean_wait_min_vs_p0,mean_wait_min_vs_p0_lo,mean_wait_min_vs_p0_hi,overtime_min_vs_p0,overtime_min_vs_p0_lo,overtime_min_vs_p0_hi,idle_min_vs_p0,idle_min_vs_p0_lo,idle_min_vs_p0_hi,share_sessions_both_attend_vs_p0,share_sessions_both_attend_vs_p0_lo,share_sessions_both_attend_vs_p0_hi,patients_served_vs_random,patients_served_vs_random_lo,patients_served_vs_random_hi,mean_wait_min_vs_random,mean_wait_min_vs_random_lo,mean_wait_min_vs_random_hi,overtime_min_vs_random,overtime_min_vs_random_lo,overtime_min_vs_random_hi,idle_min_vs_random,idle_min_vs_random_lo,idle_min_vs_random_hi,share_sessions_both_attend_vs_random,share_sessions_both_attend_vs_random_lo,share_sessions_both_attend_vs_random_hi,patients_served_vs_uniform,patients_served_vs_uniform_lo,patients_served_vs_uniform_hi,mean_wait_min_vs_uniform,mean_wait_min_vs_uniform_lo,mean_wait_min_vs_uniform_hi,overtime_min_vs_uniform,overtime_min_vs_uniform_lo,overtime_min_vs_uniform_hi,idle_min_vs_uniform,idle_min_vs_uniform_lo,idle_min_vs_uniform_hi,share_sessions_both_attend_vs_uniform,share_sessions_both_attend_vs_uniform_lo,share_sessions_both_attend_vs_uniform_hi,reward,reward_lo,reward_hi,reward_vs_learned,reward_vs_learned_lo,reward_vs_learned_hi
240,15,16,1000,42,matched_to_p3,light,p3_learned,0.5,1.0,8.741,0.56309346756664,19.705,19.566673104978314,19.843326895021683,22.571776904069207,21.684355440122367,23.459198368016047,48.462932121128034,46.53271451885892,50.39314972339715,23.695605388334755,22.575267598300144,24.815943178369366,0.998,0.9952262194133513,1.0007737805866488,6.959,6.844194777254064,7.073805222745936,19.673834975831305,18.88436079374758,20.46330915791503,44.807505865257845,42.98870861259564,46.62630311792005,-48.44572395603495,-49.897977306480044,-46.99347060558986,0.998,0.9952262194133513,1.0007737805866488,0.0,0.0,0.0,-2.672322471115058,-3.0823629916682087,-2.262281950561907,6.893966776248585,6.291413875926333,7.496519676570838,6.8939667762485835,6.291413875926331,7.496519676570836,-0.001,-0.004400009015803862,0.0024000090158038624,0.0,0.0,0.0,-1.331975759172524,-1.6882030232094367,-0.9757484951356115,7.6895463350964395,7.157672549722772,8.221420120470107,7.689546335096438,7.15767254972277,8.221420120470105,-0.002,-0.00477378058664871,0.0007737805866487096,15.036939360082238,14.890949515213583,15.182929204950893,0.0,0.0,0.0
240,15,16,1000,42,matched_to_p3,light,risk_top_m,0.5,1.0,8.741,0.5518819357052969,19.705,19.566673104978314,19.843326895021683,23.79262621735331,22.840907368118962,24.744345066587655,41.15593557372763,39.241705609172776,43.07016553828249,16.388608840934364,15.329471183989412,17.447746497879315,0.997,0.993604528869456,1.000395471130544,6.959,6.844194777254064,7.073805222745936,20.8946842891154,20.03959949734869,21.74976908088211,37.50050931785746,35.69810108594342,39.30291754977149,-55.75272050343535,-57.26432209796045,-54.241118908910245,0.997,0.993604528869456,1.000395471130544,0.0,0.0,0.0,-1.4514731578309557,-1.8248916157986854,-1.0780546998632259,-0.413029771151809,-0.9609701281281586,0.13491058582454069,-0.4130297711518114,-0.960970128128161,0.1349105858245382,-0.002,-0.005924682922266898,0.0019246829222668979,0.0,0.0,0.0,-0.11112644588842228,-0.4224872016670492,0.20023430989020458,0.38254978769604436,-0.06691275886191567,0.8320123342540044,0.3825497876960425,-0.06691275886191744,0.8320123342540025,-0.003,-0.006395471130543992,0.00039547113054399195,14.941898588001667,14.79006479146438,15.093732384538955,-0.09504077208057092,-0.1575147313985145,-0.032566812762627344
240,15,16,1000,42,matched_to_p3,light,random,0.5,1.0,8.741,0.63104907905274,19.705,19.566673104978314,19.843326895021683,25.244099375184263,24.299628858670925,26.1885698916976,41.568965344879445,39.66275128673928,43.47517940301961,16.801638612086172,15.71184606402577,17.891431160146574,0.999,0.9970376585388665,1.0009623414611335,6.959,6.844194777254064,7.073805222745936,22.34615744694636,21.50140457571937,23.19091031817335,37.91353908900926,36.11695293223359,39.71012524578494,-55.33969073228353,-56.841136259277896,-53.83824520528916,0.999,0.9970376585388665,1.0009623414611335,0.0,0.0,0.0,0.0,0.0,0.0,0.0,0.0,0.0,0.0,0.0,0.0,0.0,0.0,0.0,0.0,0.0,0.0,1.3403467119425334,1.0473870363094915,1.6333063875755753,0.7955795588478534,0.372781335966435,1.2183777817292718,0.7955795588478538,0.3727813359664355,1.2183777817292722,-0.001,-0.0029623414611334494,0.0009623414611334494,14.702217562722412,14.550701161635684,14.85373396380914,-0.3347217973598253,-0.40864075988048804,-0.2608028348391626
240,15,16,1000,42,matched_to_p3,light,uniform,0.5,1.0,8.741,0.6300194485756778,19.705,19.566673104978314,19.843326895021683,23.90375266324173,22.985422968083416,24.822082358400042,40.77338578603159,38.89934705192742,42.64742452013576,16.00605905323832,14.952658957509856,17.059459148966784,1.0,1.0,1.0,6.959,6.844194777254064,7.073805222745936,21.005810735003827,20.191764899871234,21.81985657013642,37.1179595301614,35.357949686905854,38.877969373416946,-56.13527029113139,-57.63330507603596,-54.63723550622682,1.0,1.0,1.0,0.0,0.0,0.0,-1.3403467119425334,-1.6333063875755753,-1.0473870363094915,-0.7955795588478534,-1.2183777817292718,-0.372781335966435,-0.7955795588478538,-1.2183777817292722,-0.3727813359664355,0.001,-0.0009623414611334494,0.0029623414611334494,0.0,0.0,0.0,0.0,0.0,0.0,0.0,0.0,0.0,0.0,0.0,0.0,0.0,0.0,0.0,14.94222223720134,14.792207274735945,15.092237199666735,-0.09471712288089724,-0.16040251086399515,-0.029031734897799324
240,15,16,1000,42,matched_to_p3,light,oracle,0.5,1.0,8.741,0.4987987644434275,19.705,19.566673104978314,19.843326895021683,22.941000504182846,21.973206530636272,23.90879447772942,40.0860364181327,38.169488315757924,42.002584520507476,15.318709685339435,14.30824680369533,16.32917256698354,0.987,0.9799673000560324,0.9940326999439676,6.959,6.844194777254064,7.073805222745936,20.04305857594494,19.17137926710578,20.9147378847841,36.43061016226252,34.619879492495855,38.24134083202918,-56.82261965903027,-58.339752342545744,-55.3054869755148,0.987,0.9799673000560324,0.9940326999439676,0.0,0.0,0.0,-2.3030988710014184,-2.676139673500277,-1.93005806850256,-1.482928926746737,-2.036801730418997,-0.9290561230744768,-1.4829289267467385,-2.0368017304189987,-0.9290561230744784,-0.012,-0.01930820587537269,-0.00469179412462731,0.0,0.0,0.0,-0.9627521590588849,-1.2702871166838519,-0.6552172014339179,-0.6873493678988838,-1.1284887398456938,-0.24620999595207377,-0.6873493678988848,-1.1284887398456949,-0.24620999595207477,-0.013,-0.020032699943967572,-0.005967300056032429,15.090095062868421,14.938336661747133,15.24185346398971,0.053155702786184165,-0.012900387153130154,0.11921179272549848
240,15,16,1000,42,matched_to_p3,moderate,p3_learned,1.0,2.0,3.609,0.5062344139650873,15.661,15.555124631254639,15.76687536874536,9.017613401054035,8.53509216793574,9.50013463417233,11.935665169976375,11.007463179978172,12.863867159974577,41.41924055691136,39.85106986232257,42.987411251500156,0.916,0.898778173262164,0.933221826737836,2.915,2.8547488397339134,2.9752511602660867,6.119671472816131,5.769141130451405,6.470201815180858,8.28023891410619,7.532279780235147,9.028198047977234,-30.722088787458343,-31.67285218843809,-29.771325386478598,0.916,0.898778173262164,0.933221826737836,0.0,0.0,0.0,-1.151524470149542,-1.4395872584884422,-0.8634616818106418,-0.9973100484656086,-1.50631980292823,-0.48830029400298713,-0.997310048465609,-1.5063198029282305,-0.48830029400298747,-0.048,-0.06659423750081389,-0.029405762499186104,0.0,0.0,0.0,-0.605697766568529,-0.8318638221199648,-0.37953171101709327,-0.839342820520862,-1.2100759639161427,-0.4686096771255812,-0.8393428205208621,-1.2100759639161427,-0.4686096771255814,-0.055,-0.07255775401161405,-0.037442245988385955,12.817553701359195,12.674169983992474,12.960937418725916,0.0,0.0,0.0
240,15,16,1000,42,matched_to_p3,moderate,risk_top_m,1.0,2.0,3.609,0.5001385425325575,15.661,15.555124631254639,15.76687536874536,9.101969833380114,8.621892683760757,9.58204698299947,12.686719097904328,11.731592068933496,13.64184612687516,42.170294484839324,40.60583576107962,43.73475320859903,0.918,0.9009658643036415,0.9350341356963586,2.915,2.8547488397339134,2.9752511602660867,6.204027905142207,5.848477226677633,6.559578583606782,9.031292842034144,8.254430804294259,9.80815487977403,-29.971034859530395,-30.912426188859463,-29.029643530201326,0.918,0.9009658643036415,0.9350341356963586,0.0,0.0,0.0,-1.0671680378234656,-1.3701553194397658,-0.7641807562071654,-0.24625612053765591,-0.7806907186265646,0.2881784775512528,-0.24625612053765675,-0.7806907186265655,0.2881784775512519,-0.046,-0.06398172706972952,-0.02801827293027049,0.0,0.0,0.0,-0.5213413342424529,-0.7732248091564589,-0.2694578593284469,-0.0882888925929093,-0.5016719470503307,0.3250941618645121,-0.08828889259290978,-0.501671947050331,0.3250941618645115,-0.053,-0.07058144840109812,-0.035418551598901886,12.771342736805957,12.628399133689506,12.914286339922409,-0.046210964553238566,-0.09747544356542098,0.00505351445894385
240,15,16,1000,42,matched_to_p3,moderate,random,1.0,2.0,3.609,0.6336935439179828,15.661,15.555124631254639,15.76687536874536,10.169137871203576,9.665719130521945,10.672556611885208,12.932975218441985,11.96232937797863,13.90362105890534,42.41655060537697,40.84767564215837,43.985425568595566,0.964,0.9524340422071668,0.9755659577928332,2.915,2.8547488397339134,2.9752511602660867,7.271195942965673,6.8872995060125985,7.655092379918748,9.2775489625718,8.483378250198811,10.071719674944788,-29.724778738992736,-30.70260825286388,-28.746949225121593,0.964,0.9524340422071668,0.9755659577928332,0.0,0.0,0.0,0.0,0.0,0.0,0.0,0.0,0.0,0.0,0.0,0.0,0.0,0.0,0.0,0.0,0.0,0.0,0.5458267035810128,0.29631684026712646,0.7953365668948992,0.15796722794474657,-0.26292476144050114,0.5788592173299942,0.15796722794474694,-0.26292476144050075,0.5788592173299947,-0.007,-0.020736390227934148,0.006736390227934148,12.481599917065447,12.334109030398949,12.629090803731945,-0.3359537842937512,-0.41838220724261266,-0.2535253613448898
240,15,16,1000,42,matched_to_p3,moderate,uniform,1.0,2.0,3.609,0.631199778331948,15.661,15.555124631254639,15.76687536874536,9.623311167622564,9.14115047345471,10.105471861790418,12.775007990497237,11.829369954354334,13.72064602664014,42.258583377432224,40.70953389564471,43.80763285921974,0.971,0.9605816138625194,0.9814183861374806,2.915,2.8547488397339134,2.9752511602660867,6.725369239384661,6.38406620898508,7.066672269784243,9.119581734627054,8.37187193562342,9.86729153363069,-29.88274596693748,-30.82197350821444,-28.94351842566052,0.971,0.9605816138625194,0.9814183861374806,0.0,0.0,0.0,-0.5458267035810128,-0.7953365668948992,-0.29631684026712646,-0.15796722794474657,-0.5788592173299942,0.26292476144050114,-0.15796722794474694,-0.5788592173299947,0.26292476144050075,0.007,-0.006736390227934148,0.020736390227934148,0.0,0.0,0.0,0.0,0.0,0.0,0.0,0.0,0.0,0.0,0.0,0.0,0.0,0.0,0.0,12.638976523135645,12.491652067500617,12.786300978770672,-0.17857717822355065,-0.2443751598278778,-0.1127791966192235
240,15,16,1000,42,matched_to_p3,moderate,oracle,1.0,2.0,3.609,0.17927403712939874,15.661,15.555124631254639,15.76687536874536,6.724752266657475,6.268710595642231,7.1807939376727195,10.198775263333358,9.328367705301506,11.06918282136521,39.68235065026835,38.12461443501214,41.24008686552455,0.424,0.393317834669829,0.454682165330171,2.915,2.8547488397339134,2.9752511602660867,3.8268103384195706,3.5031710335618143,4.150449643277327,6.543349007463174,5.848505181367607,7.238192833558741,-32.45897869410136,-33.42326144638032,-31.494695941822403,0.424,0.393317834669829,0.454682165330171,0.0,0.0,0.0,-3.4443856045461034,-3.732231808123566,-3.156539400968641,-2.7341999551086253,-3.2516403968067857,-2.216759513410465,-2.7341999551086253,-3.2516403968067857,-2.216759513410465,-0.54,-0.5711915179967244,-0.5088084820032757,0.0,0.0,0.0,-2.8985589009650905,-3.130735765972303,-2.666382035957878,-2.5762327271638785,-2.9964590284801615,-2.1560064258475955,-2.5762327271638794,-2.9964590284801624,-2.1560064258475964,-0.547,-0.5780298895052084,-0.5159701104947917,13.472121799449036,13.335792549912755,13.608451048985318,0.6545680980898397,0.5947463794108584,0.7143898167688211
240,15,16,1000,42,matched_to_p3,heavy,p3_learned,2.0,4.0,0.04,0.125,12.778,12.678339029302307,12.877660970697693,2.934096614529233,2.708384727890086,3.15980850116838,3.6824836932895963,3.251607840794029,4.113359545785164,71.74007060108916,69.96828087904889,73.51186032312943,0.005,0.0006208645513706501,0.00937913544862935,0.032,0.021072910415708794,0.04292708958429121,0.03615468629132931,0.008853339994887577,0.06345603258777105,0.02705743741941214,0.0012105148668524086,0.052904359971971876,-0.4012587432805434,-0.5559124537677036,-0.24660503279338317,0.005,0.0006208645513706501,0.00937913544862935,0.0,0.0,0.0,-0.044760000803763786,-0.07891282583156334,-0.010607175775964227,-0.044030754849576484,-0.0998836836600675,0.01182217396091454,-0.044030754849576394,-0.09988368366006745,0.011822173960914666,-0.02,-0.029124702450634386,-0.010875297549365613,0.0,0.0,0.0,-0.06364092125747663,-0.10023089119633943,-0.027050951318613826,-0.021419104459149962,-0.0485678847294007,0.00572967581110077,-0.02141910445914995,-0.0485678847294007,0.005729675811100801,-0.023,-0.032712201726340075,-0.013287798273659926,11.241734425018272,11.111607384674729,11.371861465361816,0.0,0.0,0.0
240,15,16,1000,42,matched_to_p3,heavy,risk_top_m,2.0,4.0,0.04,0.125,12.778,12.678339029302307,12.877660970697693,2.934096614529233,2.708384727890086,3.15980850116838,3.6824836932895963,3.251607840794029,4.113359545785164,71.74007060108916,69.96828087904889,73.51186032312943,0.005,0.0006208645513706501,0.00937913544862935,0.032,0.021072910415708794,0.04292708958429121,0.03615468629132931,0.008853339994887577,0.06345603258777105,0.02705743741941214,0.0012105148668524086,0.052904359971971876,-0.4012587432805434,-0.5559124537677036,-0.24660503279338317,0.005,0.0006208645513706501,0.00937913544862935,0.0,0.0,0.0,-0.044760000803763786,-0.07891282583156334,-0.010607175775964227,-0.044030754849576484,-0.0998836836600675,0.01182217396091454,-0.044030754849576394,-0.09988368366006745,0.011822173960914666,-0.02,-0.029124702450634386,-0.010875297549365613,0.0,0.0,0.0,-0.06364092125747663,-0.10023089119633943,-0.027050951318613826,-0.021419104459149962,-0.0485678847294007,0.00572967581110077,-0.02141910445914995,-0.0485678847294007,0.005729675811100801,-0.023,-0.032712201726340075,-0.013287798273659926,11.241734425018272,11.111607384674729,11.371861465361816,0.0,0.0,0.0
240,15,16,1000,42,matched_to_p3,heavy,random,2.0,4.0,0.04,0.625,12.778,12.678339029302307,12.877660970697693,2.9788566153329965,2.747052992368196,3.210660238297797,3.7265144481391728,3.2927079824189747,4.160320913859371,71.78410135593874,70.0133172904368,73.55488542144069,0.025,0.015306867530934866,0.034693132469065135,0.032,0.021072910415708794,0.04292708958429121,0.08091468709509311,0.03913908347859668,0.12269029071158954,0.07108819226898862,0.014711404278212908,0.12746498025976433,-0.357227988430967,-0.5010035045839872,-0.21345247227794675,0.025,0.015306867530934866,0.034693132469065135,0.0,0.0,0.0,0.0,0.0,0.0,0.0,0.0,0.0,0.0,0.0,0.0,0.0,0.0,0.0,0.0,0.0,0.0,-0.018880920453712827,-0.050662084662761224,0.01290024375533557,0.022611650390426518,-0.03509766677901917,0.0803209675598722,0.02261165039042645,-0.035097666779019224,0.08032096755987213,-0.003,-0.008887024383400348,0.002887024383400348,11.217932665440992,11.086321022661805,11.34954430822018,-0.023801759577279993,-0.04142482590706596,-0.006178693247494024
240,15,16,1000,42,matched_to_p3,heavy,uniform,2.0,4.0,0.04,0.7,12.778,12.678339029302307,12.877660970697693,2.9977375357867095,2.7663312762374184,3.2291437953360007,3.7039027977487464,3.2700240837844765,4.137781511713016,71.76148970554831,69.99176503186027,73.53121437923636,0.028,0.017757546902040865,0.038242453097959136,0.032,0.021072910415708794,0.04292708958429121,0.09979560754880593,0.055726150635961244,0.1438650644616506,0.0484765418785621,0.007398428976221255,0.08955465478090295,-0.3798396388213935,-0.5314979063956636,-0.22818137124712337,0.028,0.017757546902040865,0.038242453097959136,0.0,0.0,0.0,0.018880920453712827,-0.01290024375533557,0.050662084662761224,-0.022611650390426518,-0.0803209675598722,0.03509766677901917,-0.02261165039042645,-0.08032096755987213,0.035097666779019224,0.003,-0.002887024383400348,0.008887024383400348,0.0,0.0,0.0,0.0,0.0,0.0,0.0,0.0,0.0,0.0,0.0,0.0,0.0,0.0,0.0,11.211815545685862,11.080306764671732,11.343324326699992,-0.02991887933240995,-0.04627421954127382,-0.013563539123546072
240,15,16,1000,42,matched_to_p3,heavy,oracle,2.0,4.0,0.04,0.0,12.778,12.678339029302307,12.877660970697693,2.921026906298244,2.6962534720365823,3.1458003405599055,3.6828576952295315,3.251993538849736,4.113721851609327,71.7404446030291,69.96870904322802,73.51218016283019,0.0,0.0,0.0,0.032,0.021072910415708794,0.04292708958429121,0.023084978060340062,0.002398613101027982,0.043771343019652145,0.027431439359347366,0.0015756077348257104,0.053287270983869026,-0.4008847413406082,-0.5554095636292758,-0.24635991905194055,0.0,0.0,0.0,0.0,0.0,0.0,-0.05782970903475305,-0.09382043574200005,-0.021838982327506043,-0.04365675290964126,-0.09950598650961094,0.012192480690328425,-0.043656752909641154,-0.09950598650961089,0.012192480690328578,-0.025,-0.034693132469065135,-0.015306867530934866,0.0,0.0,0.0,-0.07671062948846588,-0.11315752798058881,-0.04026373099634294,-0.021045102519214737,-0.04818507877807955,0.0060948737396500745,-0.02104510251921471,-0.04818507877807953,0.006094873739650113,-0.028,-0.038242453097959136,-0.017757546902040865,11.247169530136128,11.117400918403318,11.376938141868939,0.0054351051178568085,0.00033050895008973364,0.010539701285623884
