session_minutes,slot_minutes,n_slots,n_reps,base_seed,risk_shift,policy,cost_setting,wait_cost_per_hour,overtime_cost_per_hour,double_slots_mean,share_double_slots_both_attend,patients_served,patients_served_lo,patients_served_hi,mean_wait_min,mean_wait_min_lo,mean_wait_min_hi,overtime_min,overtime_min_lo,overtime_min_hi,idle_min,idle_min_lo,idle_min_hi,share_sessions_both_attend,share_sessions_both_attend_lo,share_sessions_both_attend_hi,patients_served_vs_p0,patients_served_vs_p0_lo,patients_served_vs_p0_hi,mean_wait_min_vs_p0,mean_wait_min_vs_p0_lo,mean_wait_min_vs_p0_hi,overtime_min_vs_p0,overtime_min_vs_p0_lo,overtime_min_vs_p0_hi,idle_min_vs_p0,idle_min_vs_p0_lo,idle_min_vs_p0_hi,share_sessions_both_attend_vs_p0,share_sessions_both_attend_vs_p0_lo,share_sessions_both_attend_vs_p0_hi,patients_served_vs_unshifted,patients_served_vs_unshifted_lo,patients_served_vs_unshifted_hi,mean_wait_min_vs_unshifted,mean_wait_min_vs_unshifted_lo,mean_wait_min_vs_unshifted_hi,overtime_min_vs_unshifted,overtime_min_vs_unshifted_lo,overtime_min_vs_unshifted_hi,idle_min_vs_unshifted,idle_min_vs_unshifted_lo,idle_min_vs_unshifted_hi,share_sessions_both_attend_vs_unshifted,share_sessions_both_attend_vs_unshifted_lo,share_sessions_both_attend_vs_unshifted_hi,reward,reward_lo,reward_hi
240,15,16,1000,42,-0.1,P3 light,light,0.5,1.0,5.379,0.5402491169362335,17.057,16.93196618635651,17.182033813643486,12.821632085590231,12.228433634435566,13.414830536744896,29.41900105592254,27.947510819676996,30.890491292168083,40.02385739904568,38.64073130476627,41.40698349332509,0.964,0.9524340422071668,0.9755659577928332,4.311,4.21369600231507,4.40830399768493,9.923690157352327,9.439026669941468,10.408353644763187,25.763574800052353,24.423413671849904,27.103735928254803,-32.11747194532403,-33.295206777794284,-30.93973711285377,0.964,0.9524340422071668,0.9755659577928332,-2.648,-2.736504213343399,-2.5594957866566013,-9.750144818478978,-10.314154629982669,-9.186135006975286,-19.04393106520549,-20.264101182997013,-17.82376094741397,16.328252010710926,15.50434349573738,17.152160525684472,-0.034,-0.04525174438826962,-0.022748255611730384,14.660265344969353,14.553229679953665,14.767301009985042
240,15,16,1000,42,-0.1,P3 moderate,moderate,1.0,2.0,1.909,0.47354635935044526,14.285,14.184088712146488,14.385911287853512,5.812919133802618,5.45523322837083,6.170605039234406,7.808140287278091,7.103283123205557,8.512997451350625,55.633336228223676,53.99696852716782,57.26970392927953,0.684,0.6551355406062829,0.7128644593937172,1.539,1.4912109588717022,1.5867890411282977,2.914977205564714,2.696522887212323,3.133431523917105,4.152714031407907,3.6875469170939748,4.617881145721839,-16.507993116146025,-17.2273839895301,-15.788602242761948,0.684,0.6551355406062829,0.7128644593937172,-1.376,-1.4153950508478808,-1.336604949152119,-3.2046942672514183,-3.463650910542563,-2.9457376239602735,-4.127524882698284,-4.735129540780079,-3.51992022461649,14.214095671312316,13.643408293677973,14.78478304894666,-0.232,-0.2613958751140048,-0.20260412488599522,12.589221738159337,12.474783681461597,12.703659794857076
240,15,16,1000,42,-0.1,P3 heavy,heavy,2.0,4.0,0.021,0.047619047619047616,12.764,12.664231022851913,12.863768977148085,2.9115307574632814,2.6869359646145887,3.136125550311974,3.6799808408509906,3.24908598741438,4.110875694287601,71.93439669305002,70.16237459947445,73.70641878662559,0.001,-0.0009623414611334498,0.00296234146113345,0.018,0.009745631898504374,0.026254368101495625,0.013588829225377935,0.00025197070492119673,0.026925687745834676,0.024554584980806482,-0.0008307422505129947,0.04993991221212596,-0.20693265131970343,-0.3064559328756094,-0.10740936976379745,0.001,-0.0009623414611334498,0.00296234146113345,-0.014,-0.021294479550118556,-0.006705520449881445,-0.022565857065951378,-0.04643750792586869,0.0013057937939659377,-0.0025028524386056573,-0.007414303549980499,0.002408598672769185,0.19432609196084,0.07464779300182744,0.31400439091985255,-0.004,-0.007918785574198808,-8.121442580119338e-05,11.24053852093217,11.110482687153151,11.370594354711187
240,15,16,1000,42,-0.05,P3 light,light,0.5,1.0,6.92,0.5465317919075144,18.271,18.14021320239631,18.40178679760369,17.174406316871696,16.4374707525017,17.911341881241693,37.05464300436458,35.35597785867281,38.75330815005635,31.218460974111792,29.950388729903732,32.48653321831985,0.984,0.9762097862105307,0.9917902137894693,5.525,5.418991900542707,5.6310080994572935,14.27646438863379,13.64543471217924,14.907494065088342,33.3992167484944,31.8268451146652,34.9715883823236,-40.922868370257916,-42.2566035831476,-39.58913315736823,0.984,0.9762097862105307,0.9917902137894693,-1.434,-1.5024534027313419,-1.365546597268658,-5.397370587197511,-5.795330929293811,-4.999410245101211,-11.408289116763445,-12.325799170633141,-10.490779062893749,7.522855585777036,6.971359923336163,8.074351248217909,-0.014,-0.021294479550118556,-0.006705520449881445,14.924596127307598,14.801184114344895,15.048008140270301
240,15,16,1000,42,-0.05,P3 moderate,moderate,1.0,2.0,2.684,0.4996274217585693,14.912,14.808514866025735,15.015485133974266,7.316652021659087,6.908933957683749,7.724370085634425,9.5158514451458,8.727017792094816,10.304685098196785,49.08557637623664,47.459506768054574,50.7116459844187,0.833,0.8098435184653676,0.8561564815346323,2.166,2.111787952354722,2.220212047645278,4.418710093421183,4.144138258698107,4.693281928144258,5.860425189275617,5.273512375860124,6.44733800269111,-23.05575296813307,-23.884142700983713,-22.22736323528243,0.833,0.8098435184653676,0.8561564815346323,-0.749,-0.7773153842336216,-0.7206846157663784,-1.7009613793949492,-1.9079282495393495,-1.4939945092505489,-2.4198137248305747,-2.897821835781646,-1.9418056138795035,7.666335819325277,7.229672991349069,8.102998647301485,-0.083,-0.10539488533628118,-0.06060511466371883,12.709363259745087,12.586077692849102,12.832648826641073
240,15,16,1000,42,-0.05,P3 heavy,heavy,2.0,4.0,0.032,0.09375,12.772,12.672352567351927,12.871647432648073,2.923201227174146,2.698432208915227,3.147970245433065,3.6824836932895963,3.251607840794029,4.113359545785164,71.84580269855144,70.07594486119942,73.61566053590346,0.003,-0.00039547113054399195,0.006395471130543992,0.026,0.016119976258100813,0.035880023741899185,0.02525929893624191,0.0057470285944438045,0.04477156927804002,0.02705743741941214,0.0012105148668524086,0.052904359971971876,-0.29552664581826876,-0.41548391203691504,-0.1755693795996225,0.003,-0.00039547113054399195,0.006395471130543992,-0.006,-0.010794691324896548,-0.0012053086751034527,-0.010895387355087407,-0.03004627466420144,0.008255499954026628,0.0,0.0,0.0,0.10573209746227462,0.006894283066199491,0.20456991185834975,-0.002,-0.00477378058664871,0.0007737805866487096,11.242675341900444,11.112680584559259,11.37267009924163
240,15,16,1000,42,0.0,P3 light,light,0.5,1.0,8.741,0.56309346756664,19.705,19.566673104978314,19.843326895021683,22.571776904069207,21.684355440122367,23.459198368016047,48.462932121128034,46.53271451885892,50.39314972339715,23.695605388334755,22.575267598300144,24.815943178369366,0.998,0.9952262194133513,1.0007737805866488,6.959,6.844194777254064,7.073805222745936,19.673834975831305,18.88436079374758,20.46330915791503,44.807505865257845,42.98870861259564,46.62630311792005,-48.44572395603495,-49.897977306480044,-46.99347060558986,0.998,0.9952262194133513,1.0007737805866488,0.0,0.0,0.0,0.0,0.0,0.0,0.0,0.0,0.0,0.0,0.0,0.0,0.0,0.0,0.0,15.036939360082238,14.890949515213583,15.182929204950893
240,15,16,1000,42,0.0,P3 moderate,moderate,1.0,2.0,3.609,0.5062344139650873,15.661,15.555124631254639,15.76687536874536,9.017613401054035,8.53509216793574,9.50013463417233,11.935665169976375,11.007463179978172,12.863867159974577,41.41924055691136,39.85106986232257,42.987411251500156,0.916,0.898778173262164,0.933221826737836,2.915,2.8547488397339134,2.9752511602660867,6.119671472816131,5.769141130451405,6.470201815180858,8.28023891410619,7.532279780235147,9.028198047977234,-30.722088787458343,-31.67285218843809,-29.771325386478598,0.916,0.898778173262164,0.933221826737836,0.0,0.0,0.0,0.0,0.0,0.0,0.0,0.0,0.0,0.0,0.0,0.0,0.0,0.0,0.0,12.817553701359195,12.674169983992474,12.960937418725916
240,15,16,1000,42,0.0,P3 heavy,heavy,2.0,4.0,0.04,0.125,12.778,12.678339029302307,12.877660970697693,2.934096614529233,2.708384727890086,3.15980850116838,3.6824836932895963,3.251607840794029,4.113359545785164,71.74007060108916,69.96828087904889,73.51186032312943,0.005,0.0006208645513706501,0.00937913544862935,0.032,0.021072910415708794,0.04292708958429121,0.03615468629132931,0.008853339994887577,0.06345603258777105,0.02705743741941214,0.0012105148668524086,0.052904359971971876,-0.4012587432805434,-0.5559124537677036,-0.24660503279338317,0.005,0.0006208645513706501,0.00937913544862935,0.0,0.0,0.0,0.0,0.0,0.0,0.0,0.0,0.0,0.0,0.0,0.0,0.0,0.0,0.0,11.241734425018272,11.111607384674729,11.371861465361816
240,15,16,1000,42,0.05,P3 light,light,0.5,1.0,10.658,0.5871645712141115,21.249,21.111161289744274,21.386838710255724,28.82056709678833,27.828399705752627,29.812734487824034,62.7117930029186,60.64372777252302,64.77985823331417,17.477813588737124,16.51999279404653,18.43563438342772,0.999,0.9970376585388665,1.0009623414611335,8.503,8.390901439335204,8.615098560664796,25.92262516855043,25.032221645299636,26.81302869180122,59.05636674704841,57.10596597079727,61.006767523299544,-54.66351575563259,-56.19732107267099,-53.12971043859419,0.999,0.9970376585388665,1.0009623414611335,1.544,1.4744178698250692,1.613582130174931,6.248790192719126,5.848499043537875,6.649081341900376,14.248860881790563,13.275971162424986,15.22175060115614,-6.2177917995976335,-6.7232008728514945,-5.7123827263437725,0.001,-0.002400009015803862,0.0044000090158038616,14.925472728561893,14.753308971782516,15.097636485341269
240,15,16,1000,42,0.05,P3 moderate,moderate,1.0,2.0,4.605,0.5163952225841477,16.455,16.344739245730246,16.56526075426975,11.363607586437668,10.785917408450384,11.941297764424952,15.266285393800212,14.175732179740908,16.356838607859515,33.93333654462515,32.43917922755824,35.42749386169206,0.967,0.9559092212212266,0.9780907787787734,3.709,3.642353369529523,3.775646630470477,8.465665658199763,8.01583677411191,8.915494542287615,11.610859137930028,10.692353425373149,12.529364850486907,-38.20799279974456,-39.25118323767511,-37.16480236181401,0.967,0.9559092212212266,0.9780907787787734,0.794,0.7649080787800082,0.8230919212199919,2.3459941853836326,2.116441289759709,2.575547081007556,3.3306202238238374,2.810640566716415,3.85059988093126,-7.485904012286219,-7.898105998066952,-7.073702026505486,0.051,0.03383927338005517,0.06816072661994482,12.709781211604835,12.534909436107355,12.884652987102314
240,15,16,1000,42,0.05,P3 heavy,heavy,2.0,4.0,0.059,0.1694915254237288,12.792,12.692609752832096,12.891390247167903,2.9574247202582455,2.7304258584775996,3.1844235820388915,3.6824836932895963,3.251607840794029,4.113359545785164,71.57362257800375,69.80321069549161,73.34403446051589,0.009,0.0031365946662334906,0.014863405333766507,0.046,0.03270089327216209,0.059299106727837905,0.05948279202034172,0.018878837869700064,0.10008674617098337,0.02705743741941214,0.0012105148668524086,0.052904359971971876,-0.5677067663659623,-0.7547309402227192,-0.38068259250920533,0.009,0.0031365946662334906,0.014863405333766507,0.014,0.006194956168953181,0.021805043831046818,0.023328105729012408,-0.006417069805144494,0.053073281263169306,0.0,0.0,0.0,-0.1664480230854188,-0.27425441845878173,-0.05864162771205586,0.004,8.121442580119338e-05,0.007918785574198808,11.243298852092638,11.113151116371004,11.373446587814271
240,15,16,1000,42,0.1,P3 light,light,0.5,1.0,12.291,0.6015783906923765,22.564,22.425340101202384,22.702659898797616,35.37802302476243,34.29771795049944,36.458328099025415,75.68335474616376,73.4779116955379,77.88879779678962,12.63849243871279,11.81855480830644,13.45843006911914,1.0,1.0,1.0,9.818,9.706334078370096,9.929665921629903,32.48008109652452,31.50130389653463,33.458858296514414,72.02792849029359,69.92605123421097,74.1298057463762,-59.50283690565692,-61.114872070037336,-57.890801741276505,1.0,1.0,1.0,2.859,2.7715247668209315,2.9464752331790685,12.80624612069322,12.235937934350428,13.376554307036013,27.220422625035734,25.936996640198714,28.503848609872755,-11.057112949621965,-11.752117918615577,-10.362107980628354,0.002,-0.0007737805866487096,0.00477378058664871,14.45727619686574,14.258368016310474,14.656184377421006
240,15,16,1000,42,0.1,P3 moderate,moderate,1.0,2.0,5.604,0.5417558886509636,17.261,17.1467406691251,17.375259330874897,14.249108650667612,13.581421328914386,14.916795972420838,19.44650381229158,18.208123505686974,20.68488411889619,27.30243120274018,25.90339439538179,28.701468010098573,0.981,0.9725237620506667,0.9894762379493333,4.515,4.442442649576544,4.587557350423455,11.351166722429706,10.805702730287402,11.89663071457201,15.791077556421397,14.709186774727664,16.87296833811513,-44.83889814162953,-46.00552915918224,-43.67226712407682,0.981,0.9725237620506667,0.9894762379493333,1.6,1.5596681576200029,1.6403318423799973,5.231495249613576,4.9018367997239105,5.561153699503241,7.510838642315208,6.790407459479916,8.231269825150498,-14.116809354171183,-14.69707357628917,-13.536545132053195,0.065,0.04757446817012834,0.08242553182987167,12.356043851408309,12.149333767261739,12.562753935554879
240,15,16,1000,42,0.1,P3 heavy,heavy,2.0,4.0,0.125,0.232,12.845,12.745605118387646,12.944394881612356,3.020026514706996,2.789446615098703,3.2506064143152886,3.6888625645974797,3.25810587404209,4.11961925515287,70.92859642703377,69.15447417899532,72.70271867507222,0.028,0.017757546902040865,0.038242453097959136,0.099,0.07944555550992116,0.11855444449007885,0.12208458646909207,0.06945320472999938,0.17471596820818475,0.03343630872729568,0.006138861513181784,0.060733755941409576,-1.2127329173359405,-1.4727932145365752,-0.9526726201353057,0.028,0.017757546902040865,0.038242453097959136,0.067,0.05028163575411121,0.0837183642458888,0.08592990017776275,0.040945397314487084,0.1309144030410384,0.006378871307883543,-0.0024765117278362364,0.015234254343603322,-0.8114741740553972,-1.0265808196428052,-0.5963675284679892,0.023,0.013693143115118891,0.03230685688488111,11.26118451291934,11.12997751966736,11.392391506171322
