session_minutes,slot_minutes,n_slots,n_reps,base_seed,cost_setting,wait_cost_per_hour,overtime_cost_per_hour,policy,family,reward,reward_lo,reward_hi,reward_vs_learned,reward_vs_learned_lo,reward_vs_learned_hi,is_best_standard,double_slots_mean,patients_served,mean_wait_min,overtime_min,idle_min
240,15,16,1000,42,light,0.5,1.0,P0,P0,12.367531750613798,12.272482654385538,12.462580846842059,-2.669407609468438,-2.8225289361904635,-2.5162862827464125,False,0.0,12.746,2.897941928237904,3.655426255870184,72.14132934436971
240,15,16,1000,42,light,0.5,1.0,P1 k=2,P1,15.012968343378631,14.870802814954331,15.155133871802931,-0.0239710167036074,-0.10319967419737114,0.05525764079015633,True,8.0,19.16,21.378461726089782,37.33032131650105,19.671440800628666
240,15,16,1000,42,light,0.5,1.0,P1 k=3,P1,14.54681595857127,14.436991005247608,14.656640911894934,-0.4901234015109661,-0.5895742462026325,-0.39067255681929974,False,5.0,16.763,13.135679235072967,18.987806264929805,33.64599004103872
240,15,16,1000,42,light,0.5,1.0,P1 k=4,P1,14.313022022729612,14.21147051033758,14.414573535121644,-0.7239173373526243,-0.8403730133303122,-0.6074616613749364,False,4.0,15.965,9.924551227535725,17.256799153931517,42.70177953320007
240,15,16,1000,42,light,0.5,1.0,P1 k=6,P1,13.390922463194908,13.294741010277589,13.487103916112227,-1.6460168968873303,-1.7795260350395576,-1.512507758735103,False,2.0,14.355,6.879582417517265,6.892900388524005,53.60546725528227
240,15,16,1000,42,light,0.5,1.0,P2 0.3,P2,14.404608787137702,14.299380768908415,14.509836805366989,-0.6323305729445345,-0.7380005862141039,-0.5266605596749652,False,4.36,16.253,11.037955221479079,16.107014034033185,37.642405439608034
240,15,16,1000,42,light,0.5,1.0,P2 0.5,P2,12.414093605835292,12.319303919713235,12.50888329195735,-2.622845754246944,-2.7752510009074687,-2.470440507586419,False,0.073,12.802,2.9606539434513133,3.723716107525733,71.47231810587974
240,15,16,1000,42,light,0.5,1.0,P2 p50,P2,14.92566016527686,14.782092100661805,15.069228229891914,-0.11127919480537728,-0.17992373951240437,-0.042634650098350185,False,8.044,19.168,21.697371696443504,36.35298251427605,18.556438426790795
240,15,16,1000,42,light,0.5,1.0,P2 p70,P2,14.54997005974783,14.442795577760265,14.657144541735395,-0.48696930033441027,-0.5860327820339273,-0.3879058186348932,False,4.812,16.615,12.092007675711214,17.91696701934569,34.46011252824859
240,15,16,1000,42,light,0.5,1.0,P2 p80,P2,13.976236702173805,13.876521423600106,14.075951980747504,-1.0607026579084322,-1.181019983413017,-0.9403853324038473,False,3.177,15.298,8.364291258471596,11.437478235553444,45.837377764983415
240,15,16,1000,42,light,0.5,1.0,P2 p90,P2,13.237570239648132,13.140975925716138,13.334164553580127,-1.799369120434105,-1.9394357903712056,-1.6593024504970042,False,1.521,13.986,5.201201609238682,6.553639538390546,58.468508575022355
240,15,16,1000,42,light,0.5,1.0,P2 p95,P2,12.799848721196625,12.702715346650495,12.896982095742755,-2.237090638885611,-2.385398057732794,-2.0887832200384278,False,0.71,13.334,3.8871690354885424,4.924351503495764,65.60994617342027
240,15,16,1000,42,light,0.5,1.0,P3 light,P3,15.036939360082238,14.890949515213583,15.182929204950893,0.0,0.0,0.0,False,8.741,19.705,22.571776904069207,48.462932121128034,23.695605388334755
240,15,16,1000,42,moderate,1.0,2.0,P0,P0,11.9890635012276,11.889508484277583,12.088618518177617,-0.8284902001315974,-0.9469471258565952,-0.7100332744065995,False,0.0,12.746,2.897941928237904,3.655426255870184,72.14132934436971
240,15,16,1000,42,moderate,1.0,2.0,P1 k=2,P1,10.865936686757259,10.573052799013,11.158820574501517,-1.9516170146019358,-2.170487708529751,-1.7327463206741207,False,8.0,19.16,21.378461726089782,37.33032131650105,19.671440800628666
240,15,16,1000,42,moderate,1.0,2.0,P1 k=3,P1,12.330631917142542,12.141794383147467,12.519469451137617,-0.4869217842166532,-0.587066357069089,-0.3867772113642174,False,5.0,16.763,13.135679235072967,18.987806264929805,33.64599004103872
240,15,16,1000,42,moderate,1.0,2.0,P1 k=4,P1,12.661044045459226,12.511483795197897,12.810604295720555,-0.15650965589996965,-0.226845807627046,-0.0861735041728933,True,4.0,15.965,9.924551227535725,17.256799153931517,42.70177953320007
240,15,16,1000,42,moderate,1.0,2.0,P1 k=6,P1,12.426844926389816,12.306059178425311,12.54763067435432,-0.39070877496938156,-0.4765910568638879,-0.3048264930748752,False,2.0,14.355,6.879582417517265,6.892900388524005,53.60546725528227
240,15,16,1000,42,moderate,1.0,2.0,P2 0.3,P2,12.556217574275406,12.38019416734719,12.732240981203622,-0.26133612708378995,-0.3456888664484288,-0.17698338771915112,False,4.36,16.253,11.037955221479079,16.107014034033185,37.642405439608034
240,15,16,1000,42,moderate,1.0,2.0,P2 0.5,P2,12.026187211670589,11.926733050593825,12.125641372747353,-0.7913664896886079,-0.9086777231927551,-0.6740552561844607,False,0.073,12.802,2.9606539434513133,3.723716107525733,71.47231810587974
240,15,16,1000,42,moderate,1.0,2.0,P2 p50,P2,10.683320330553721,10.365533524800517,11.001107136306926,-2.1342333708054757,-2.3855292362948726,-1.8829375053160786,False,8.044,19.168,21.697371696443504,36.35298251427605,18.556438426790795
240,15,16,1000,42,moderate,1.0,2.0,P2 p70,P2,12.484940119495654,12.295756203757238,12.67412403523407,-0.3326135818635415,-0.4300036201466588,-0.2352235435804242,False,4.812,16.615,12.092007675711214,17.91696701934569,34.46011252824859
240,15,16,1000,42,moderate,1.0,2.0,P2 p80,P2,12.654473404347609,12.50952451902219,12.799422289673029,-0.16308029701158602,-0.2320307600702684,-0.09412983395290364,False,3.177,15.298,8.364291258471596,11.437478235553444,45.837377764983415
240,15,16,1000,42,moderate,1.0,2.0,P2 p90,P2,12.489140479296264,12.377743589000435,12.600537369592093,-0.3284132220629308,-0.4191278640881413,-0.23769858003772026,False,1.521,13.986,5.201201609238682,6.553639538390546,58.468508575022355
240,15,16,1000,42,moderate,1.0,2.0,P2 p95,P2,12.265697442393252,12.161584288463843,12.369810596322662,-0.5518562589659433,-0.6587987013381763,-0.44491381659371015,False,0.71,13.334,3.8871690354885424,4.924351503495764,65.60994617342027
240,15,16,1000,42,moderate,1.0,2.0,P3 moderate,P3,12.817553701359195,12.674169983992474,12.960937418725916,0.0,0.0,0.0,False,3.609,15.661,9.017613401054035,11.935665169976375,41.41924055691136
240,15,16,1000,42,heavy,2.0,4.0,P0,P0,11.232127002455197,11.10254991848326,11.361704086427133,-0.009607422563074255,-0.022256943285724466,0.0030420981595759584,False,0.0,12.746,2.897941928237904,3.655426255870184,72.14132934436971
240,15,16,1000,42,heavy,2.0,4.0,P1 k=2,P1,2.57187337351452,1.939931658557676,3.2038150884713636,-8.669861051503752,-9.275790694703158,-8.063931408304345,False,8.0,19.16,21.378461726089782,37.33032131650105,19.671440800628666
240,15,16,1000,42,heavy,2.0,4.0,P1 k=3,P1,7.898263834285086,7.502527275868039,8.294000392702134,-3.343470590733186,-3.6954864218988055,-2.9914547595675662,False,5.0,16.763,13.135679235072967,18.987806264929805,33.64599004103872
240,15,16,1000,42,heavy,2.0,4.0,P1 k=4,P1,9.357088090918452,9.05947912675255,9.654697055084355,-1.884646334099819,-2.126327188851917,-1.6429654793477209,False,4.0,15.965,9.924551227535725,17.256799153931517,42.70177953320007
240,15,16,1000,42,heavy,2.0,4.0,P1 k=6,P1,10.498689852779629,10.285160800408107,10.71221890515115,-0.7430445722386427,-0.8857952935734341,-0.6002938509038513,False,2.0,14.355,6.879582417517265,6.892900388524005,53.60546725528227
240,15,16,1000,42,heavy,2.0,4.0,P2 0.3,P2,8.859435148550812,8.480686803616967,9.238183493484657,-2.3822992764674598,-2.7189276911312428,-2.0456708618036767,False,4.36,16.253,11.037955221479079,16.107014034033185,37.642405439608034
240,15,16,1000,42,heavy,2.0,4.0,P2 0.5,P2,11.250374423341174,11.120131209652914,11.380617637029435,0.008639998322904513,0.0002725316031971948,0.01700746504261183,True,0.073,12.802,2.9606539434513133,3.723716107525733,71.47231810587974
240,15,16,1000,42,heavy,2.0,4.0,P2 p50,P2,2.1986406611074405,1.4920995675122786,2.9051817547026024,-9.04309376391083,-9.72492715005113,-8.361260377770531,False,8.044,19.168,21.697371696443504,36.35298251427605,18.556438426790795
240,15,16,1000,42,heavy,2.0,4.0,P2 p70,P2,8.354880238991308,7.943360772539398,8.766399705443218,-2.8868541860269623,-3.2578075286615378,-2.515900843392387,False,4.812,16.615,12.092007675711214,17.91696701934569,34.46011252824859
240,15,16,1000,42,heavy,2.0,4.0,P2 p80,P2,10.01094680869522,9.71259192014126,10.309301697249179,-1.2307876163230518,-1.4822792876582986,-0.9792959449878048,False,3.177,15.298,8.364291258471596,11.437478235553444,45.837377764983415
240,15,16,1000,42,heavy,2.0,4.0,P2 p90,P2,10.992280958592529,10.803325832430229,11.181236084754829,-0.24945346642574123,-0.3733712263376661,-0.12553570651381635,False,1.521,13.986,5.201201609238682,6.553639538390546,58.468508575022355
240,15,16,1000,42,heavy,2.0,4.0,P2 p95,P2,11.197394884786503,11.045412504414067,11.349377265158939,-0.04433954023176626,-0.11816870270573143,0.029489622242198914,False,0.71,13.334,3.8871690354885424,4.924351503495764,65.60994617342027
240,15,16,1000,42,heavy,2.0,4.0,P3 heavy,P3,11.241734425018272,11.111607384674729,11.371861465361816,0.0,0.0,0.0,False,0.04,12.778,2.934096614529233,3.6824836932895963,71.74007060108916
