cost_setting,iteration,sessions,train_reward,train_reward_vs_p0,validation_reward,validation_double_slots,w_bias,w_risk,w_position,w_doubled,w_load,kept
light,0,0,,,12.472786463718311,0.0,-1.0,0.0,0.0,0.0,0.0,False
light,10,2560,14.590318174529244,2.345268556416392,13.638975222177068,2.268,-0.5229946457124903,0.17497601505086788,0.2048740465758369,0.48369246168710367,-0.2185550496769441,False
light,20,5120,14.51582465911731,2.119855698944688,14.915151053021644,9.259,-0.2043811886954221,0.35979334830478427,0.42383046914438227,0.7538349587767075,-0.23879876140373,False
light,30,7680,15.082251071313083,2.743437627208496,15.079278672471988,9.88,-0.1117249104542869,0.5924043922334903,0.5588156460491818,0.7609828420141027,-0.4646584130499459,False
light,40,10240,14.840806368516525,2.5609674994439953,15.115277962042235,8.55,-0.10433284468473052,0.8940493701006463,0.706141170402376,0.720148760987259,-0.6517662085927041,False
light,50,12800,15.106620866230447,2.777477219671299,15.106915821514184,8.441,-0.11209921768232073,1.1242451947913208,0.861211315534726,0.7338523331386636,-0.6754249731301893,False
light,60,15360,15.230057664959187,3.001313573992104,15.125200577507298,8.092,-0.17417987465885792,1.2378755643531805,1.0841683548632242,0.7238976041381144,-0.7359748932091822,False
light,70,17920,15.235218515923933,2.8797455883434293,15.134220384048797,8.34,-0.13611167291369608,1.3871984292634398,1.2379362940501546,0.7952492340721209,-0.6943723406843942,False
light,80,20480,15.11942113597323,2.7116236475800983,15.122357560544533,8.653,-0.07255082821397156,1.531464679777437,1.3406711794327657,0.8535309336824748,-0.6752325374008077,False
light,90,23040,14.9484677690083,2.6467921104049803,15.141994103842164,8.768,-0.06183602409627015,1.620690466539237,1.4560256499857656,0.8827383420785393,-0.6606867511452598,False
light,100,25600,15.164489435008655,2.822737332971672,15.170273733016574,8.756,-0.07798977248059531,1.7115110910013174,1.6203563422108658,0.9081087544680778,-0.666538467503417,False
light,110,28160,14.671027235271701,2.4507430361317866,15.170317962745084,8.793,-0.08478651735296751,1.8319678901551826,1.7621257616374488,0.9448512746125642,-0.6502297801259966,False
light,120,30720,15.076306513532227,2.6174282168141896,15.128898757896527,8.049,-0.19317926241942993,1.9658287380049086,1.838353538335891,0.8168635108535174,-0.802026434045384,False
light,130,33280,14.93167838407643,2.6404269724877665,15.137496123806871,7.955,-0.17984002952791514,2.048153272785663,1.868780606128955,0.7447362150764534,-0.9189167254357601,False
light,140,35840,15.334876396979237,2.92679390987473,15.124821111064099,8.074,-0.11922449082534217,2.0588728805006604,2.0222821842993253,0.7900289818192134,-0.9093494981633216,False
light,150,38400,14.99053080221995,2.6992886070956157,15.130627610566618,8.237,-0.026412079029731764,2.1624861278924095,2.0637649631844424,0.80513038977443,-0.9217292927781223,False
light,160,40960,15.033056175619112,2.6747812953147156,15.121459556862941,8.28,0.022139462108415324,2.3070141703065996,1.999777266638671,0.7406424682087822,-1.002014917588334,False
light,170,43520,15.432910908381631,2.9114415588540394,15.122449588766074,8.333,0.080864326546408,2.3306936004567436,2.033556565044932,0.7390414869182154,-1.031179128343827,False
light,180,46080,15.092918295224301,2.7110817116065826,15.094588938072091,8.718,0.25252996577159503,2.4907883751821376,2.0104291097514984,0.8422126496532077,-0.9500302269640887,False
light,190,48640,15.289472582188676,2.914290835465815,15.087135796548507,8.767,0.2745258131409553,2.5480282826793634,2.0960048419642754,0.8868477928563885,-0.9027919896805139,False
light,200,51200,14.889755107907629,2.634417113505928,15.106351812057062,8.58,0.1832720386722116,2.5302016213084797,2.214646445198715,0.8607379582273971,-0.9123021247967775,False
light,210,53760,15.076491505289018,2.6395817740403684,15.112298000622676,8.407,0.11122097913746967,2.5011695909997744,2.287068408423651,0.80597266338541,-0.9515579110781177,False
light,220,56320,15.166467421211612,2.748860969269985,15.118634728102204,8.426,0.1253183456492452,2.4462833411225757,2.3292849966114586,0.8164476055591889,-0.9375168826520941,False
light,230,58880,14.962158827717994,2.6428158900185483,15.151134970843858,9.081,0.247190728262399,2.4586470304212544,2.454605289607607,0.9730083370589563,-0.7921627539897733,False
light,240,61440,15.155765473598887,2.6397116093607815,15.156422534894698,9.383,0.26792839497740994,2.5377984460750977,2.629321522046177,1.0706144197525531,-0.695471067040493,False
light,250,64000,15.134699527489747,2.7781158439182336,15.162755013524531,9.141,0.19839545930772223,2.663966004063791,2.7078869979491977,1.0507434362976291,-0.7132976596875791,False
light,260,66560,14.86664419556639,2.5693047855501305,15.161466519215871,9.137,0.1861080446139009,2.746904094517242,2.7766948245785774,1.0703899510222872,-0.6909683048286618,False
light,270,69120,15.12895630359046,2.8630934472625325,15.159634381744768,8.947,0.1632747410616889,2.8076646232964615,2.795227010209723,1.0368710739490916,-0.7380950095262288,False
light,280,71680,15.122036872656182,2.710298481642802,15.16165080497165,9.428,0.24176834097118652,2.7534240487866524,2.9319812965918355,1.1596329110961991,-0.6195620585529493,False
light,290,74240,15.13389770879008,2.8667953875368206,15.16823271207978,9.315,0.219852166343944,2.839834956022197,2.9672351856437826,1.1422988450092624,-0.6276542877690211,False
light,300,76800,15.020583981338888,2.686583284777868,15.145232838850493,9.163,0.24454845063461084,3.0257513162594294,2.8878947141770297,1.1077060114416215,-0.6728917171911315,False
light,310,79360,15.031862303470517,2.626869073079877,15.150555546130727,9.243,0.27711808007159944,3.077045941910074,2.875222694816297,1.123102187192725,-0.6442889114890394,False
light,320,81920,14.969989607349614,2.690803094657717,15.143428792263233,9.138,0.2583914257808912,3.0704810638733115,2.8801130471377725,1.0871112816535422,-0.6563376953430122,False
light,330,84480,15.198871806140234,2.7244167431234807,15.132830656968405,8.756,0.19282793741120738,3.0640547863708174,2.907765706299023,0.9885962150104215,-0.7661578379475876,False
light,340,87040,15.259949851027635,2.838877501178991,15.164793746581228,8.643,0.15430636757607089,2.923962739608101,3.033758649199402,0.9356527977579682,-0.8388323639786018,False
light,350,89600,15.221693617502194,2.936024043982229,15.160856894400569,8.502,0.11894039970576739,2.9118436373381575,3.1559662508429187,0.9002474106313614,-0.8840636694562322,False
light,360,92160,15.351075166713025,3.005280308536859,15.182769421269168,8.768,0.20955989009263723,2.900000768296562,3.2230603860951312,0.9500292713475925,-0.8641340609489249,True
light,370,94720,14.974435570864049,2.4844907725027463,15.174338489937218,8.688,0.1972361218047812,2.8887411283124957,3.313180005277669,0.9230242511961401,-0.8995370555817744,False
light,380,97280,15.059330222287784,2.668865692852742,15.174789050786782,8.718,0.25004594442458394,2.981705938336577,3.260353283248962,0.9158039333884476,-0.8991627995075322,False
light,390,99840,14.90389035454995,2.6688589469005337,15.14689823942918,8.554,0.27673141303781934,3.043616873466529,3.2012388577825854,0.855674666577588,-0.9557189691795519,False
light,400,102400,15.297561112142906,2.822961203952838,15.1140793454358,8.597,0.3782466046171071,3.098648816035127,3.062946124300964,0.8353266067001386,-0.9956634765226728,False
light,410,104960,15.140501470078814,2.8394130003845506,15.103631799640421,8.65,0.4410741348367464,3.1463230348162607,3.024596244772883,0.8263347521918792,-1.0112363266501831,False
light,420,107520,15.012859155956312,2.8893147601321125,15.118852740524009,8.711,0.4175156354573246,3.105473086624601,3.119070458645678,0.8583241385169332,-0.9621562668935146,False
light,430,110080,15.168986172298592,2.8305868041930395,15.114528813407173,8.493,0.3588134262086488,3.279734003647032,2.9433263514396177,0.7210102427072731,-1.0851487733160785,False
light,440,112640,14.961354770090999,2.566048841849428,15.150765528655459,8.389,0.3433891779687352,3.3802909222130695,2.7423412617899143,0.5763975407687932,-1.2291424234297383,False
light,450,115200,15.191376278377852,2.771219132280023,15.16072795577285,8.065,0.2506727861371719,3.438333920817232,2.681658376907513,0.38693455789657155,-1.4152784760319568,False
light,460,117760,15.104825519396083,2.733334943230526,15.164375549106312,7.853,0.21962912005017116,3.5009524767739033,2.6126924035829786,0.24180373385464482,-1.5660251914470669,False
light,470,120320,14.949604791622576,2.515147343716542,15.171375364203486,8.017,0.3215905411916363,3.5759798182648073,2.5851700209841724,0.2803966115438866,-1.5260608552140942,False
light,480,122880,14.94148627874829,2.668265807501492,15.167381420348137,8.186,0.3931709621090114,3.6622195977589556,2.636111688088157,0.34796640699784387,-1.4696509312493837,False
light,490,125440,15.022783514440338,2.6785005337334775,15.162528967390804,8.254,0.47981881163989853,3.7869233862461984,2.525766661707572,0.3283013460402292,-1.5029606840938994,False
light,500,128000,15.03221496240604,2.75164607045015,15.139485786900401,8.51,0.6322144787104043,3.8068973945193356,2.557204949621657,0.41766263727786596,-1.4542317350671163,False
light,510,130560,15.303191124161774,2.8612708288350888,15.091171120932223,8.888,0.8165175056432071,3.7954230033278886,2.615661910694567,0.5748622636202979,-1.3302118289365545,False
light,520,133120,15.312874046330954,3.0077292710057986,15.082904058282457,8.993,0.884648622014708,3.778646543841668,2.6843915849781235,0.6386436126377886,-1.278743564348371,False
light,530,135680,15.120693348748096,2.6278885953663766,15.093254775966313,8.886,0.8430242814625402,3.7218696304160375,2.7993787492338487,0.6174652427153994,-1.3105273944883002,False
light,540,138240,15.391977573385786,2.908660213711241,15.12426312227452,8.497,0.6661584284193274,3.7112837926063897,2.87931635615811,0.4525565591301196,-1.479614321997664,False
light,550,140800,15.185054637677734,2.7870580955744586,15.1680843163562,8.148,0.5107729294747183,3.6967424363784542,2.9050344170686486,0.2855435192477102,-1.6427208546366225,False
light,560,143360,15.002795007336172,2.552651836531675,15.169649088330585,7.874,0.37919943523533933,3.715814506442233,2.9208566126363777,0.15780744383506173,-1.7583089169981345,False
light,570,145920,14.949490536061154,2.7590470512604113,15.171694644351193,7.975,0.4291539996013068,3.7659744155008994,3.00578952954682,0.21860721268074462,-1.712564988047191,False
light,580,148480,15.064296321711778,2.659342789362392,15.165601617566146,8.148,0.5284743030237855,3.773455290819344,3.025239882228371,0.28265688703831504,-1.6758567738151615,False
light,590,151040,14.943254140879711,2.621785259253725,15.149844211224227,8.374,0.6536630951743323,3.845253090326302,3.0399414824494997,0.38136379878896975,-1.5878527241051064,False
light,600,153600,15.379149930992801,2.8540545720929176,15.140367933582516,8.477,0.7210841859886504,3.917758214204207,2.946702335712113,0.3929123083337888,-1.5667048979161464,False
moderate,0,0,,,12.116572927436618,0.0,-1.0,0.0,0.0,0.0,0.0,False
moderate,10,2560,12.297975781557469,0.4914702953317668,12.116572927436618,0.0,-1.427329880241006,0.012009882379061117,0.35267405019971093,-0.4040584554404138,-0.39639312957722955,False
moderate,20,5120,12.405201373225278,0.3945134528800373,12.367374340683753,0.615,-1.7012260623593936,0.2443049352101374,0.5899557203689877,-0.6652855010892592,-0.6911669869366236,False
moderate,30,7680,12.58540383741789,0.6030894492087129,12.688232308055577,1.643,-1.8395652704196577,0.6242481641981472,0.7662015277646576,-0.8332085184843331,-0.9481815171731038,False
moderate,40,10240,12.468167891143418,0.5920839029983549,12.812688898729316,2.497,-1.8193053282466918,0.9373782016291182,0.9872345090482699,-0.8608111422279994,-1.1691912926033832,False
moderate,50,12800,12.725682004799175,0.7509884616808782,12.847737485561959,3.23,-1.6741448598645539,1.2690230303285746,1.087245662274832,-0.7967347801313495,-1.3666008159853142,False
moderate,60,15360,12.750110128691812,0.870746946757644,12.87646896962901,3.432,-1.6660118652329072,1.4575069268475362,1.123672593775503,-0.8127600572057376,-1.4124825380050974,False
moderate,70,17920,12.797977938114917,0.7706258329539085,12.916610447444443,3.486,-1.668957790202338,1.6582409239569555,0.9955352667543977,-0.9048842539550602,-1.4830865856616695,False
moderate,80,20480,12.757628614068786,0.7154711372825246,12.942363055691196,3.334,-1.7177815728408958,1.7353368629222592,0.7711654388363118,-1.1140105867499395,-1.6028105595411013,False
moderate,90,23040,12.522961569072095,0.6383602518654563,12.941672374029434,3.257,-1.7608936364430725,1.8260536036304555,0.6420696505510103,-1.2470897564262142,-1.661244943680632,False
moderate,100,25600,12.652268233878637,0.6601702798046722,12.925246696465349,3.046,-1.8877603587490532,1.848530059948175,0.5442433739558566,-1.4232153184212815,-1.7091710948417458,False
moderate,110,28160,12.42279892469925,0.5994180264194254,12.9046193563255,2.83,-1.9906352063251913,1.8151337169062445,0.44550444807020145,-1.5791377106457045,-1.7501059589089312,False
moderate,120,30720,12.83909319350413,0.7338366000680576,12.897252004174709,2.811,-2.0550899076433224,1.91087932625537,0.40282745650067425,-1.6736872970859862,-1.7791287194439434,False
moderate,130,33280,12.72777439830737,0.7976153251300411,12.916195458547987,2.867,-2.0499191619896506,2.0534672341970333,0.29398939900678767,-1.7537944168544577,-1.839992019606648,False
moderate,140,35840,12.93847119026406,0.8723062160550457,12.94100440065965,3.133,-1.9634091460409513,2.1872643198907378,0.38991986158899,-1.7389793822368234,-2.01662429409304,False
moderate,150,38400,12.672238766573003,0.7655356263243369,12.954211952019392,3.386,-1.8843381693186478,2.320608774870174,0.5069952585680255,-1.71304183781756,-2.1792586770380793,False
moderate,160,40960,12.542234933374505,0.5913101727657117,12.963254554041386,3.496,-1.851555244766051,2.3572347026032605,0.6340606192637526,-1.7074290426042533,-2.3287565805971937,False
moderate,170,43520,13.20408773269638,0.9931802836411979,12.9757768049743,3.595,-1.803163260260816,2.4268297480847214,0.7026861216860346,-1.7003248945177547,-2.4289139523941463,False
moderate,180,46080,12.803194740271405,0.7856153230359718,12.951924580295305,3.775,-1.6769266311516937,2.5832447169027,0.6774717106012307,-1.6419054177688495,-2.5127338846109675,False
moderate,190,48640,13.020945641395114,0.9580821479493908,12.970987855118288,3.547,-1.885934544610949,2.4656541209688085,0.7265182623583651,-1.8308923557503816,-2.6296798431609893,False
moderate,200,51200,12.530574239546265,0.6409920007428631,12.933718773214897,3.311,-2.0981267020479772,2.309686184060439,0.8056753239080365,-2.037331337040833,-2.7448168601674423,False
moderate,210,53760,12.767994016535523,0.6949558040382249,12.933409704257807,3.215,-2.1275474652284894,2.2989296002989623,0.6962480853070206,-2.198673740516615,-2.8529155114131823,False
moderate,220,56320,12.732554463802705,0.6434353099194517,12.955509176448711,3.337,-2.041513730576683,2.3892669630701544,0.7162127838073656,-2.1895400374331513,-2.9928468344790904,False
moderate,230,58880,12.644169888919,0.6968902635201109,12.970437265477406,3.411,-2.0093646432036496,2.4991859367000933,0.6789611848195932,-2.203603089758607,-3.069587379473307,False
moderate,240,61440,12.831349545125164,0.713304316648956,12.977145215889374,3.491,-1.95993301782855,2.554171100173216,0.7234671379425793,-2.157125870326986,-3.127191846428246,False
moderate,250,64000,12.810349852506146,0.8081199853631161,12.977584722533717,3.489,-1.9136827420521336,2.5485363469313214,0.6373954232217913,-2.21888491935806,-3.249524998207335,False
moderate,260,66560,12.484183113127678,0.5613792930951611,12.990058045756323,3.528,-1.8069360822691114,2.6369257129809274,0.4710235400004313,-2.284180388581466,-3.391914097933215,False
moderate,270,69120,12.716494266850756,0.8292998041948992,12.9769389413396,3.453,-1.86389329214262,2.5633987643567475,0.49144254950048794,-2.375586734380345,-3.511972361003097,False
moderate,280,71680,12.882897902965482,0.875827370938722,12.974911847444687,3.409,-1.935463189189092,2.592942554993828,0.4676671673498912,-2.4697323880773308,-3.5495042081224026,False
moderate,290,74240,12.735718240396563,0.7991698478900455,12.982167923551387,3.444,-1.9521610459424465,2.670677276152729,0.522086426038466,-2.47714655329011,-3.577589782955133,False
moderate,300,76800,12.683797306923797,0.7228271638017556,12.968610335641273,3.409,-2.053242770297597,2.7131533183434575,0.5684515774330436,-2.5310065103504877,-3.5637483085867103,False
moderate,310,79360,12.723466067048408,0.6908233562671302,12.966211430112274,3.334,-2.1624977337942486,2.686894066023456,0.571069762381147,-2.6233889271850863,-3.5867883834880065,False
moderate,320,81920,12.680462838850342,0.8330273134665478,12.964070953643631,3.35,-2.1551545068365936,2.7649819131509017,0.500177577498614,-2.6768946624906382,-3.6357280567137824,False
moderate,330,84480,12.995351666368308,0.8511290403347984,12.964543335385981,3.381,-2.1787899127535084,2.8397431461048144,0.55638060812227,-2.697415114664632,-3.6869714309442534,False
moderate,340,87040,12.912980774836026,0.8169298251387369,12.981522787357868,3.513,-2.1517162973636155,3.0178326650243545,0.7020323231514749,-2.639877736713666,-3.779024925811531,False
moderate,350,89600,12.907244339153902,0.988248942113976,12.980196476931035,3.648,-2.002630009980287,3.1926786586403284,0.6699200873223127,-2.597667893746754,-3.897542403056939,False
moderate,360,92160,13.068310988056542,1.0134400217042072,12.971972661781516,3.685,-1.9152051082824322,3.252241993833748,0.5783393250735184,-2.6262633485043985,-4.015990439252644,False
moderate,370,94720,12.728159557269908,0.6271762105473033,12.978629750475564,3.689,-1.8924571141932804,3.261201696692078,0.5780308644680242,-2.6768667530564665,-4.163735074906898,False
moderate,380,97280,12.624168685327579,0.6127708764574915,12.999788871168622,3.601,-1.9865369925066814,3.1438620304817015,0.6407406814232078,-2.771898713478279,-4.271085123574734,False
moderate,390,99840,12.651081388590502,0.7747685732916684,12.994226332611085,3.601,-2.0359126357245763,3.1316873755894914,0.7227681743763787,-2.778573473111425,-4.372973932658905,False
moderate,400,102400,12.841039732405834,0.7746524160256995,12.996556863542349,3.609,-2.0398574036226393,3.2018977733642338,0.6963185578961831,-2.812347684165237,-4.448710628310804,False
moderate,410,104960,12.791665777833492,0.8457388384449658,12.99149911240266,3.548,-2.1020583104213544,3.2062010890697095,0.6038732858873154,-2.934270927436168,-4.529791788512388,False
moderate,420,107520,12.735631729747414,0.9260429380990166,12.996135552455613,3.56,-2.1107156320942195,3.2775513212622194,0.553934304316376,-2.9465043731483194,-4.578353516252739,False
moderate,430,110080,12.82757036859368,0.8734278823825716,12.9835144101038,3.622,-2.08222323614674,3.369152675705858,0.5935173701043948,-2.88300255748993,-4.592830247013326,False
moderate,440,112640,12.841389055781761,0.8203084492986182,12.977526791459429,3.715,-2.018969558404248,3.4786339707147613,0.6178693934681669,-2.812196982665908,-4.613234410568759,False
moderate,450,115200,12.960378221425218,0.88178267922956,12.974702320029087,3.747,-2.018691052168126,3.5067280718298828,0.6778553632647852,-2.8060608710836865,-4.662611369749359,False
moderate,460,117760,12.72627828184131,0.7411096295101962,12.972267501118639,3.787,-1.9606263407354003,3.549553648446675,0.6883928147275983,-2.777278824562151,-4.751054405626998,False
moderate,470,120320,12.703121462753858,0.6623315669417853,12.980916659753031,3.695,-2.0188402699074315,3.5041128777702464,0.562559831258845,-2.9046228518575075,-4.802532119743508,False
moderate,480,122880,12.730780073342903,0.8249641308493041,12.992141602276998,3.673,-2.0411068931285343,3.4828263680169513,0.5651683313143485,-2.9483713258867774,-4.874434969661822,False
moderate,490,125440,12.577711647034874,0.6157081856211546,12.96274425127005,3.779,-1.904166084553507,3.554298346604361,0.5911274733911228,-2.8656478836471506,-5.001759358129417,False
moderate,500,128000,12.628704614141604,0.7316293302298176,12.958846966556035,3.803,-1.860180317316702,3.5858871798805874,0.582540531549711,-2.8617517264081775,-5.1107275164733075,False
moderate,510,130560,13.000522525343463,0.8784006846900911,12.9634243806504,3.747,-1.8962914690611168,3.530584138941782,0.5253902872494599,-2.9562829093761005,-5.237637262610859,False
moderate,520,133120,13.012352376963157,1.0192503263128485,12.992721594398969,3.667,-1.955019325110944,3.422025986690393,0.5040232324303999,-3.0301482730561213,-5.3626730886789975,False
moderate,530,135680,12.832320561592924,0.7138985548294852,13.018342906484515,3.624,-2.038789976871641,3.314965850661447,0.602350128763868,-3.0503426514763343,-5.466486217044532,True
moderate,540,138240,13.238305372020424,1.0919831526713355,12.989349046490815,3.513,-2.2047281665559932,3.1372142689322255,0.6536418426638885,-3.178951238213926,-5.560508685553427,False
moderate,550,140800,12.903711029577126,0.8420929453705776,12.999763753552896,3.496,-2.2127007592154833,3.124602024999705,0.6217171506587081,-3.2368048850045437,-5.66623283005357,False
moderate,560,143360,12.77938989812931,0.7384785565203138,13.0153912553234,3.567,-2.115336071953396,3.222047197388513,0.6054322150796102,-3.2038947750853293,-5.836877005704922,False
moderate,570,145920,12.731523941006714,0.9170432214052306,13.005135409954164,3.521,-2.1950056446418005,3.15373598099046,0.617078382259715,-3.248318474389818,-5.90271832981066,False
moderate,580,148480,12.950623528614692,0.9063414639159211,13.014736669138724,3.582,-2.147854878853162,3.2531480118259264,0.6696929954108521,-3.195852300440316,-5.958664968238127,False
moderate,590,151040,12.763600405450177,0.8120688921982055,13.015192569099854,3.581,-2.1406836371029905,3.3175700816105644,0.6002827370468155,-3.225286913773388,-5.990912188361542,False
moderate,600,153600,13.026239978283979,0.8276117604842118,13.012460067929293,3.602,-2.0931513554212495,3.377393504231891,0.5471638893171996,-3.253009437579362,-6.098483979419311,False
heavy,0,0,,,11.404145854873237,0.0,-1.0,0.0,0.0,0.0,0.0,False
heavy,10,2560,9.631126050650835,-1.2982911718005723,11.404145854873237,0.0,-1.4981780910685794,0.1526594075101802,0.30468576178539936,-0.49054776110160453,0.053739039837124816,False
heavy,20,5120,10.3450538170204,-0.8950720236700813,11.404145854873237,0.0,-1.9752247520418933,0.17294648099073437,0.44213598382417707,-0.9167693029204409,0.5032197419716016,False
heavy,30,7680,10.992851633779921,-0.2764646426384317,11.404145854873237,0.0,-2.3696905178759846,0.26294782236863146,0.5098133368336052,-1.2071440716209278,1.0125976375661565,False
heavy,40,10240,10.917289791362203,-0.15128443492792046,11.404145854873237,0.0,-2.687219396596372,0.43190723114159646,0.6109607905841299,-1.3880016875531411,1.4527310442123273,False
heavy,50,12800,11.2031635660097,-0.06262977022689312,11.404145854873237,0.0,-2.9320517011814475,0.5639855231381697,0.7878968465685665,-1.4848404946197917,1.799471486409132,False
heavy,60,15360,11.176836242508958,-0.003765121359375999,11.404145854873237,0.0,-3.105491759989009,0.620514716332564,0.9242100367428967,-1.5409452527182472,2.0563735108437218,False
heavy,70,17920,11.32250320841214,-0.04860725190987433,11.404145854873237,0.0,-3.237904528351819,0.6060114144628115,1.0603031356043553,-1.5707141314314952,2.2367270901775407,False
heavy,80,20480,11.297650442238268,-0.013227011334253806,11.404145854873237,0.0,-3.364759674217775,0.5671981358380593,1.1221246260611775,-1.615033574679114,2.416978961598779,False
heavy,90,23040,11.037671897442161,-0.012780736971116674,11.404145854873237,0.0,-3.411522668624722,0.6265896436147345,1.1116886611895158,-1.6350526733140427,2.488544466490164,False
heavy,100,25600,11.26219267783713,-0.030596980310797224,11.404145854873237,0.0,-3.483848260585926,0.7055162020459574,1.1522489023931448,-1.6436189573847364,2.617059115481701,False
heavy,110,28160,10.995809600630736,-0.03376469592891679,11.404145854873237,0.0,-3.586093074633184,0.7482101054960114,1.222656301885983,-1.6576120743793534,2.785241054488398,False
heavy,120,30720,11.401861305852258,0.003848118980110858,11.404145854873237,0.0,-3.6775101458001207,0.7438532768556742,1.1970516113169398,-1.6712682010193014,2.9573490722701643,False
heavy,130,33280,11.177650325691808,-0.03032407066285138,11.404145854873237,0.0,-3.7753539624646675,0.6924441125336879,1.2412610820260692,-1.6860039528849993,3.0901746361103397,False
heavy,140,35840,11.370055653923899,-0.012274294494130426,11.404145854873237,0.0,-3.879977080828667,0.6412976084036177,1.304487575633909,-1.688183978339635,3.223903378951192,False
heavy,150,38400,11.132617218789845,-0.005007811707486487,11.404145854873237,0.0,-3.9016692760332337,0.7152537843213022,1.3090588940890775,-1.6779555833396944,3.255512852104582,False
heavy,160,40960,11.139367687830807,0.0031431666132202413,11.404145854873237,0.0,-3.9242179786011864,0.839597512879621,1.2492940278465918,-1.6685881844205703,3.3501631126851956,False
heavy,170,43520,11.565255816888595,-0.024527831221766702,11.404145854873237,0.0,-3.950514062334717,1.0408286684472783,1.2230905953350875,-1.6684751877453143,3.4242063870000643,False
heavy,180,46080,11.271667094139072,-0.01739799033179523,11.405115779133633,0.001,-3.9961602861247414,1.1596508078911383,1.2357275256299176,-1.672156932709084,3.5075744747656272,False
heavy,190,48640,11.41349265550069,-0.024734331390757112,11.405115779133633,0.001,-4.059473099460479,1.2010389823190148,1.2498613731431216,-1.6860364271769286,3.595615068629832,False
heavy,200,51200,11.113015507205866,-0.04505522040093703,11.408789607624211,0.009,-4.044054725257915,1.3861741518282635,1.1938892696409122,-1.7011958397036344,3.5855497631773257,False
heavy,210,53760,11.336196234955882,-0.009098940038716613,11.405093139227512,0.011,-4.059381519756979,1.4549988326176366,1.1852620763148447,-1.7252212600830965,3.5789727832108507,False
heavy,220,56320,11.423464850121903,-0.008679707644604077,11.405093139227512,0.011,-4.159525263347242,1.4583852975935534,1.3711914918648056,-1.7821253404691864,3.5685110190444185,False
heavy,230,58880,11.217359496199435,0.01420649540166026,11.405115779133633,0.001,-4.302211088566101,1.277139826714838,1.487875499418139,-1.8404935418227852,3.6836174957223067,False
heavy,240,61440,11.319883282498107,-0.002144674454308465,11.407320063989651,0.01,-4.2955030316356675,1.5000561669391175,1.4024339853111192,-1.8603544206434426,3.6975571944429957,False
heavy,250,64000,11.279337456648653,-0.014184777637406316,11.412269386256538,0.023,-4.220486858011043,1.8176432537131535,1.2382177008725244,-1.845949016002104,3.6728295007299145,False
heavy,260,66560,11.175521092462972,0.0017884523979361452,11.411840438901221,0.026,-4.2432802084322825,1.956564261097208,1.227507831144216,-1.8436112828621831,3.719051274104894,False
heavy,270,69120,11.154680325644437,0.02482265033272625,11.41226103998076,0.028,-4.301142027164224,2.0089367252059045,1.366338304204966,-1.8533362069889263,3.709733228606884,False
heavy,280,71680,11.217382350178655,0.019647536125136558,11.411840438901221,0.027,-4.343214494461752,1.9860342054128353,1.4358914948390844,-1.8781088816719318,3.7065240519481724,False
heavy,290,74240,11.248197663981875,-0.02724287103115963,11.41226103998076,0.028,-4.349112221138777,2.003744294431362,1.5132105056830245,-1.8985098349411957,3.64834099247931,False
heavy,300,76800,11.222676019532688,0.007766983288607532,11.409365443521576,0.03,-4.378883786199129,2.0823897100775857,1.6510762617293497,-1.8965569391831312,3.576748492804592,False
heavy,310,79360,11.22192462426072,-0.06601704730183788,11.411860414007588,0.033,-4.405921921400843,2.178576050616777,1.67672206539146,-1.8797705643992682,3.596783806486036,False
heavy,320,81920,11.024440086808525,0.04050653604093713,11.411325106990022,0.034,-4.437523277480888,2.258444093718247,1.6656893734808196,-1.871078401207961,3.65680378178781,False
heavy,330,84480,11.494752802717304,0.01099505065028556,11.411244544147369,0.032,-4.5001881708672355,2.2276195090947493,1.6285541398708778,-1.9051563002367062,3.7537914580318827,False
heavy,340,87040,11.438389385002946,-0.0076187643916299265,11.411325106990022,0.034,-4.534480168423082,2.3301117201113235,1.5808495921136512,-1.929566127175443,3.805860670267125,False
heavy,350,89600,11.206552371698905,0.020905327619051874,11.413752479321777,0.039,-4.534648432991336,2.418212000035142,1.5188572571617296,-1.9281120537638494,3.85331021361827,False
heavy,360,92160,11.483369749736507,0.010346567031838352,11.412958377785934,0.038,-4.582960262402356,2.4092157938419616,1.5366495741735529,-1.924241990164007,3.9509186171089765,False
heavy,370,94720,11.322499441029157,-0.0005610024160509694,11.412958377785934,0.038,-4.588001574554358,2.4332881134080826,1.4502670915376554,-1.9283415527917414,4.03821030885016,False
heavy,380,97280,11.277184325343288,0.02391995760311678,11.411958377785933,0.037,-4.6201084424042875,2.412352127169608,1.4394670836560242,-1.9427103289188834,4.110913739282754,False
heavy,390,99840,11.147460133821738,-0.011415496775925807,11.41226103998076,0.029,-4.709381225035611,2.2623583440276547,1.4703062644131326,-1.9720167436208293,4.2374482558796975,False
heavy,400,102400,11.250424104910415,0.0004619721501481523,11.413269386256538,0.024,-4.790324353728501,2.1674273140706486,1.5365959207929414,-1.9968974960830495,4.313419846672895,False
heavy,410,104960,11.119201120384663,-0.11640275839238998,11.411244544147369,0.032,-4.733077609798791,2.398344790224368,1.4695858409529465,-2.005843021230901,4.247990731377713,False
heavy,420,107520,11.188219652859546,0.006542069562749091,11.413752479321777,0.04,-4.681813351238184,2.5514700672634225,1.4138477219147663,-2.0083394150703584,4.186084172691617,False
heavy,430,110080,11.192477081167727,0.00684835874550923,11.414752479321779,0.042,-4.667848380280426,2.6338897021334544,1.3854180898675283,-2.04381888768517,4.123126301457455,False
heavy,440,112640,11.24087793228103,-0.03175203068525356,11.41504897023829,0.043,-4.678308641111831,2.7133114191287295,1.3861330864271952,-2.06429110740897,4.086793028114929,False
heavy,450,115200,11.382153778969741,-0.013318555421574396,11.414752479321779,0.042,-4.762516257435166,2.7273036991350015,1.4898412933281167,-2.0785079875461387,4.100639752002098,False
heavy,460,117760,11.203521235206685,-0.009003569455541025,11.412958377785934,0.038,-4.905075920186642,2.6071480465167873,1.6752105708917548,-2.0988420900454656,4.1779861386765145,False
heavy,470,120320,11.238766432407997,-0.014688359216145128,11.411325106990022,0.034,-5.008452589670815,2.5514955111758995,1.7878398640986894,-2.1328933787382955,4.231587894585897,False
heavy,480,122880,11.121088307814155,-0.04991857717304009,11.411325106990022,0.034,-5.075976415951215,2.570317946181165,1.7947851742032124,-2.182558627655596,4.215167777956694,False
heavy,490,125440,11.199847266535041,0.002402843707601361,11.411244544147369,0.032,-5.157318527707164,2.5193335071297294,1.8491771047229297,-2.2024743870120287,4.257729426041061,False
heavy,500,128000,11.155637869992743,0.02554980216917324,11.410244544147368,0.031,-5.19223483579121,2.5110513049854104,1.8612487689099895,-2.228921301501359,4.236151161636496,False
heavy,510,130560,11.488196804335347,0.005671873028604328,11.413752479321777,0.04,-5.063339345679809,2.786991541733474,1.6622592576702542,-2.234139859786265,4.118009202245665,False
heavy,520,133120,11.382649931354528,0.013633330053911381,11.415828511638196,0.045,-5.038388038575533,2.911644851696816,1.578555936631554,-2.243750364256258,4.092618232251448,True
heavy,530,135680,11.412419299095975,0.042762785569094894,11.415828511638196,0.045,-5.090413307614447,2.9482252196038945,1.6491151102385782,-2.2396982551948694,4.133977494613822,False
heavy,540,138240,11.494789110728973,0.02245717203079501,11.41261907510678,0.047,-5.090297168366301,3.028149365543009,1.5862618957657053,-2.2029708431568693,4.192206657713271,False
heavy,550,140800,11.422457129385279,0.033595960972182454,11.414793914950648,0.067,-4.9952731459521065,3.2482937301577257,1.377461125463668,-2.154743269447957,4.200673719151158,False
heavy,560,143360,11.165428624234826,-0.05701905898316205,11.415123761235291,0.073,-5.006069685899602,3.3381050343074277,1.3686731730296762,-2.0975216090574715,4.252686179740039,False
heavy,570,145920,11.116465740410087,0.05391055120711946,11.414110124469902,0.062,-5.0817869166387695,3.2629984086080066,1.4968088672038022,-2.0915476670418127,4.291069893301918,False
heavy,580,148480,11.338475793427103,0.015536664029562691,11.41261907510678,0.046,-5.2227755579695785,3.092285967792876,1.5995274199538445,-2.1761929153320096,4.359162018398494,False
heavy,590,151040,11.251736296465964,0.040079519962023094,11.413752479321777,0.04,-5.334337976215605,2.9601932043660146,1.564831688187968,-2.2626526018694273,4.452432621735767,False
heavy,600,153600,11.56494723263599,0.019253297036458963,11.413752479321777,0.039,-5.421306468413472,2.863312749748551,1.538537578023265,-2.3398202371243477,4.521317700250855,False
